內部代號,印刷編號,說明
佛-01,3-21,
佛-02,3-45,
佛-03,2-31、4-62、4-85,
佛-04,3-22,
佛-05,3-93,
佛-06,3-23,
佛-07,3-42,
佛-08,3-73,
佛-09,3-44、3-64,
佛-10,3-20,
佛-11,3-81,
佛-12,3-40,
佛-13,3-50、4-4,
佛-14,3-65,
佛-15,2-115、3-43,
佛-16,3-51、4-39,
佛-17,3-46,
佛-18,3-9,
佛-19,1-378,
佛-20,3-47,
佛-21,3-67,
佛-22,3-41,
佛-23,3-86,
佛-24,3-78,
佛-25,3-89,
佛-26,3-48,
佛-27,3-69,
佛-28,3-74,
佛-29,3-77,
佛-30,3-24,
佛-31,,
佛-32,3-79,
佛-33,3-19,
佛-34,3-71,
佛-35,3-66,
原-01,4-180,
原-02,4-306,
原-03,4-328,
原-04,4-324,
原-05,4-316,
原-06,4-329,
原-07,4-319,
原-08,4-321,
原-09,4-322,
原-10,4-220,
原-11,1-257,
原-12,4-224,
原-13,,
原-14,4-305,
原-15,4-219,
原-16,4-311,
原-17,4-320,
原-18,4-300,
原-19,3-219、4-310,
原-20,4-330,
原-21,4-304,
原-22,1-308,
原-23,4-327,
原-24,4-226,
原-25,,
原-26,4-225,
原-27,4-307,
原-28,4-228,
原-29,4-223,
原-30,3-138,
原-31,4-302,
原-32,4-326,
原-33,4-301,
原-34,,
原-35,4-313,
原-36,4-314,
原-37,4-308,
原-38,4-318,
原-39,,
名-01,,
名-02,3-15,
名-03,3-7,
名-04,3-5、4-29,
名-05,1-327,
名-06,3-27,
名-07,3-16,
名-08,1-268,
名-09,3-28,
名-10,3-127,
名-11,1-30、3-289,
名-12,2-207,
名-13,1-338,
名-14,3-6,
名-15,3-17,
名-16,3-32,
名-17,,
名-18,3-8,
名-19,1-32,
名-20,3-10,
名-21,3-37,
名-22,3-49,
名-23,3-38,
名-24,3-33,
名-25,,
名-26,3-56,
名-27,3-58,
名-28,1-365,
名-29,3-59,
名-30,3-378,
名-31,3-30,
名-32,3-31,
名-33,1-321,
名-34,,
名-35,1-322,
名-36,3-25,
名-37,3-26,
名-38,1-366,
名-39,1-347,
名-40,1-319,
名-41,1-340,
名-42,3-18,
名-43,3-14,
名-44,2-354、3-12,
名-45,3-13,
名-46,3-35,
名-47,1-316,
名-48,3-52,
名-49,3-29,
名-50,3-54,
名-51,1-317,
名-52,1-336,
名-53,3-36,
名-54,3-2,
名-55,3-4,
名-56,3-11,
名-57,3-39,
名-58,3-61,
名-59,,
園-01,3-117,
園-02,4-3,
園-03,4-5,
園-04,3-387,
園-05,1-324,
園-06,,
園-07,1-326,
園-08,2-31、4-62、4-85,已併入「小菫菜」
園-09,1-328,
園-11,,
園-12,3-235,
園-13,1-323,
園-14,3-132,
園-15,4-36,
園-16,1-286、3-386、4-1,已併入「凹葉柃木」
園-17,,
園-18,3-92,
園-20,1-350,
園-21,1-341,
園-22,4-315,
園-23,3-53,
園-24,1-320,
園-25,4-221,
園-26,1-345,
園-27,4-51,
園-28,4-303,
園-29,1-343,
園-30,1-346,
園-31,1-335,
園-32,3-1,
園-33,1-369,
園-34,3-63,
園-35,1-339,
園-36,4-6,
園-37,1-379,
園-39,4-229,
園-40,,
園-42,1-329,
園-43,4-84,
園-44,4-122,
園-45,4-309,
園-47,1-330,
園-48,3-57,
園-50,1-374,
園-51,,
地-01,4-64,
地-02,,
地-03,2-137、4-61,
地-04,4-80,
地-05,4-57,
地-06,4-24,
地-07,4-44,
地-08,4-81,
地-09,3-97,
地-10,4-87,
地-11,4-11,
地-12,,
地-13,4-41,
地-14,2-31、4-62、4-85,已併入「小菫菜」
地-15,4-14,
地-16,3-34、4-27,
地-17,4-45,
地-18,4-88,
地-19,4-15,
地-20,4-46,
地-21,,
地-22,4-58,
地-23,4-40,
地-24,4-9,
地-25,3-133,
地-26,4-35,
地-27,4-20,
地-28,4-25,
地-29,3-223,
地-30,4-65,
地-31,4-38,
地-32,,已併入「藝妓咖啡」
地-33,4-76、4-119,已併入「路易斯安那鳶尾」
地-34,4-12,
地-35,4-23,
地-36,4-26,
地-37,4-22,
地-38,4-16,
地-39,4-59,
地-40,4-78,
地-41,4-43,
地-42,4-21,
地-43,4-42,
地-44,4-44,已併入「苗栗白花龍」
天-01,3-380,
天-02,3-173、4-271,
天-03,3-382,
天-04,3-370,
天-05,3-365,
天-06,3-367,已併入「雉尾花燭」
天-07,,
天-08,3-366,
天-09,3-385,
天-10,3-377,
天-11,3-115、3-372,
天-12,3-358,
天-13,3-342,
天-14,3-367,
天-15,2-346,
天-16,3-374,
天-17,3-371,
天-18,3-373,
天-19,3-381,
天-20,3-379,
天-21,3-376,
天-22,3-383,
棕-01,4-374,
棕-02,4-369,
棕-03,4-368,
棕-04,4-370,
棕-05,4-273,
棕-06,4-366,
棕-07,4-359,
棕-08,4-206、4-252,
棕-09,3-266、4-275,
棕-10,4-373,
棕-11,4-361,
棕-12,4-358,
棕-13,4-360,
棕-14,4-371,
棕-15,,
棕-16,4-360,已併入「短莖薩巴爾櫚」
棕-17,,
棕-18,,
棕-19,4-274,
棕-20,4-354,
棕-21,,
棕-22,,
棕-23,4-357,
棕-24,4-367,
棕-25,4-332、4-372,已併入「毛土連翹」
棕-26,,
棕-27,4-355,
民-01,4-336,
民-02,4-164,
民-03,4-350,
民-04,4-352,
民-05,4-364,
民-06,4-211,
民-07,4-218,
民-08,,
民-09,2-210、4-208,
民-10,1-297、4-333,
民-11,4-337,
民-12,4-210,
民-13,4-344,
民-14,4-353,
民-15,4-207,
民-16,4-341,
民-17,4-342,
民-18,4-363,
民-19,4-349,
民-20,,
民-21,4-345,
民-22,4-216,
民-24,4-167,
民-25,,
民-26,,
民-27,4-335,
民-28,4-213,
民-29,4-214,
民-30,4-347,
民-31,4-346,
民-32,4-348,
民-33,4-332、4-372,
民-34,4-166,
民-35,4-351,
民-36,4-339,
民-38,4-212,
民-39,,
民-40,4-338,
民-41,4-365,
民-42,,
民-43,,
民-44,,
民-45,4-343,
民-46,,
民-47,4-215,
水-01,4-48,
水-02,4-163,
水-03,4-54,
水-04,4-17,
水-05,4-91,
水-06,4-90,
水-07,2-352,
水-08,4-94、4-117,
水-09,4-47,
水-10,4-95,
水-11,4-92,
水-12,3-310、4-116,
水-13,4-55,
水-14,4-53,
水-15,4-49,已併入「煉莢豆」
水-16,4-118,
水-17,2-353,
水-18,4-52,
水-19,,
水-20,4-49,
水-22,4-89,
水-23,,
水-24,4-115,
水-25,4-52,已併入「長苞香蒲」
水-26,4-56,
水-27,,
澳-01,2-259,
澳-02,2-176,
澳-03,2-282,
澳-04,2-257,
澳-05,2-183,
澳-06,2-182,
澳-07,2-254,
澳-08,2-356,
澳-09,2-261、2-298,
澳-10,2-256,已併入「台灣胡頹子」
澳-11,2-344,
澳-12,4-73,
澳-13,2-321,
澳-14,4-18,
澳-15,2-350,
澳-16,2-276,
澳-17,4-204,
澳-18,3-83,
澳-19,2-267,
澳-20,2-342,
澳-21,2-281,
澳-22,2-348,
澳-23,2-177,
澳-24,2-179,
澳-25,2-181、2-323,已併入「臺灣梭羅樹」
澳-26,2-280,
澳-27,2-278,
澳-28,3-116,
澳-29,2-174,
澳-30,2-180,
澳-31,2-181、2-323,
澳-32,2-274,
澳-33,2-351,
澳-34,2-263,
澳-35,2-258,
澳-36,2-343,
澳-37,2-275,
澳-38,4-77,
澳-39,2-260,
澳-40,2-347,
澳-41,2-341,
澳-42,2-255,
澳-43,2-355,
澳-44,2-273,
澳-45,3-140,
澳-46,2-266,
澳-47,2-262,
澳-48,2-322,
澳-49,2-324,
澳-50,2-273,已併入「巒大雀梅藤」
澳-51,2-345,
澳-52,2-277,
澳-53,2-320,
澳-54,2-279,
澳-55,2-181、2-323,已併入「臺灣梭羅樹」
澳-56,2-256,
澳-57,2-349,
竹-01,4-13、4-195,
竹-02,1-251、4-100,
竹-03,4-114,
竹-04,4-130,
竹-05,4-179,
竹-06,,
竹-07,,
竹-08,3-175、4-105,
竹-10,4-19、4-323,
竹-11,4-99,
竹-13,4-203,
竹-14,4-196,
竹-15,4-168,
竹-16,4-193,
竹-17,4-205,
竹-18,,
竹-19,3-210,
竹-20,3-206、4-186,
竹-21,4-178,
竹-22,4-192,
竹-23,4-172,
竹-24,2-312、3-70,
竹-25,4-101,
竹-26,4-198,
竹-27,3-90,
竹-28,4-171,
竹-29,4-190,
竹-30,4-197,
竹-31,4-110,
竹-32,4-200,
竹-33,4-340,
竹-34,4-176,
竹-35,4-169,
竹-36,4-106,
竹-37,1-302,
竹-38,4-183,
竹-39,4-108,
竹-40,4-177,
竹-41,,
竹-42,4-185,
竹-43,4-177,已併入「臺灣破傘菊」
竹-44,3-167,
竹-45,,
竹-46,4-181,
竹-47,4-170,
竹-48,4-191,
竹-49,4-194,
竹-50,4-103,已併入「委陵菜」
竹-51,4-201,
竹-52,3-301、4-174,
竹-53,4-199,
竹-54,4-175、4-202,已併入「蟛蜞菊」
竹-55,4-182,
竹-56,4-111,
竹-57,,
竹-58,4-107,
竹-59,4-184,
竹-60,4-96,
竹-61,4-112,
竹-63,4-109,
竹-64,4-188,
竹-66,4-97,
竹-67,4-173,
肉-01,2-30,
肉-02,1-46、2-97,
肉-03,2-94,
肉-04,2-91,
肉-05,4-217,
肉-06,2-96,
肉-07,2-157,
肉-08,2-146,
肉-09,2-169,
肉-10,2-104,
肉-100,2-4,
肉-101,2-33,
肉-102,,
肉-103,,
肉-104,2-79,
肉-105,2-59,
肉-106,2-41,
肉-107,2-40,
肉-108,2-82,
肉-109,2-68,
肉-11,2-26,
肉-110,2-60,
肉-111,2-57,
肉-12,2-70、3-251,
肉-13,2-29,
肉-14,2-21,
肉-15,2-170、2-198,
肉-16,2-5、3-284,
肉-17,2-168,
肉-18,2-166,
肉-19,1-349,
肉-20,,
肉-21,2-37,
肉-22,2-83、3-135、3-141,
肉-23,3-137,
肉-24,2-39,
肉-25,2-58,
肉-26,2-95,
肉-27,2-44,
肉-28,2-36,
肉-29,2-71,
肉-30,2-25,
肉-31,2-53,
肉-32,2-92,
肉-33,2-3,
肉-34,2-100,
肉-35,2-34、4-2,已併入「風鈴木」
肉-36,2-75,
肉-37,2-63,
肉-38,2-99,
肉-39,2-103,
肉-40,2-175,
肉-41,2-76,
肉-42,2-98,已併入「大葉穀精草」
肉-43,2-73,
肉-44,2-22,
肉-45,2-28,
肉-46,2-45,
肉-47,2-69,
肉-48,2-42,
肉-49,2-50,
肉-50,2-85,
肉-51,2-102,
肉-52,2-64,
肉-53,2-61,
肉-54,2-27,
肉-55,4-175、4-202,
肉-56,2-1、3-3,
肉-57,2-78,
肉-58,2-2,
肉-59,2-81,
肉-60,2-32,
肉-61,2-98,
肉-62,2-62,
肉-63,2-74,
肉-64,2-88,
肉-65,2-84,
肉-66,2-65,
肉-67,2-77,
肉-68,2-93,
肉-69,2-103,已併入「野慈姑」
肉-70,2-38,
肉-71,2-163,
肉-72,2-72,
肉-73,2-173,
肉-74,2-67,
肉-75,2-86,
肉-76,2-23,
肉-77,2-66,
肉-78,2-105,
肉-79,2-35,
肉-80,2-54,
肉-81,2-46,
肉-82,2-106,
肉-83,2-43,
肉-84,2-89,
肉-85,2-107,
肉-86,2-49,
肉-87,2-56,
肉-88,2-55,
肉-89,,
肉-90,2-165,
肉-91,2-80,
肉-92,2-47,
肉-93,2-87,
肉-94,2-164,
肉-95,2-173,已併入「大鄧伯花」
肉-96,2-48,
肉-97,2-51,
肉-98,2-90,
肉-99,2-52,
肖-01,2-305,
肖-02,2-285,
肖-03,2-319,
肖-04,4-10、4-83,
肖-05,2-307,
肖-06,2-306,
肖-07,2-314,
肖-08,2-332,
肖-09,4-50,
肖-10,2-310,
肖-11,2-317,
肖-12,2-304,
肖-13,2-290,
肖-14,2-309,
肖-15,1-270,
肖-16,2-329,
肖-17,2-291、4-189,
肖-18,2-318,
肖-19,2-333,
肖-20,2-287,
肖-21,2-302,
肖-22,2-284、4-98,
肖-24,2-109,
肖-25,2-286,
肖-26,2-294、2-301,
肖-27,2-330,
肖-28,2-296,
肖-29,2-270,
肖-30,2-313,
肖-31,2-340,
肖-32,2-271,
肖-33,2-294、2-301,已併入「四葉蘿芙木」
肖-34,2-292,
肖-35,3-257,
肖-36,2-337,
肖-37,3-87,
肖-38,2-328,
肖-39,2-272,
肖-40,2-334,
肖-41,2-293,
肖-42,2-297,
肖-43,2-336,
肖-44,2-289,
肖-45,2-283,
肖-46,2-311,
肖-47,,
肖-48,2-288,
肖-49,2-336,已併入「牛奶榕」
肖-50,2-295,
肖-51,2-326,
肖-52,2-325,
肖-53,2-299,
肖-54,2-315,
肖-55,2-338,
肖-56,2-316,
肖-57,2-309,已併入「雞母珠」
肖-58,2-335,
肖-59,2-327,
舟-01,1-169,
舟-02,,
舟-03,1-196,
舟-04,1-360,
舟-05,1-109,
舟-06,3-88,
舟-07,1-216,
舟-08,4-231,
舟-09,1-361,
舟-10,1-232,
舟-100,1-89,
舟-101,1-190,
舟-102,1-191,
舟-103,1-97,
舟-104,1-195,
舟-105,1-113,
舟-106,1-204,
舟-107,1-115,
舟-108,1-118,
舟-109,1-224,
舟-110,1-120,
舟-111,1-225、1-226,
舟-112,1-231,
舟-113,1-236,
舟-114,1-128,
舟-115,1-144,
舟-116,1-48,
舟-117,1-145,
舟-118,1-147,
舟-119,1-57、1-58,
舟-12,1-148,已併入「台灣一葉蘭」
舟-120,1-57、1-58,已併入「墨西哥拖鞋蘭」
舟-121,1-160,
舟-122,1-162,
舟-123,1-163,
舟-124,1-76,
舟-126,1-168,
舟-128,1-172,
舟-129,1-179,
舟-13,1-148,
舟-130,1-84,
舟-131,1-96,
舟-132,1-98,
舟-133,1-107,
舟-134,1-220,
舟-135,1-222,
舟-137,1-121,
舟-138,1-228,已併入「銀葉魔芋」
舟-139,1-228,
舟-14,1-152,
舟-140,1-133,
舟-141,1-241,
舟-143,1-45,
舟-144,1-55,
舟-145,1-60、1-158,
舟-146,1-65,
舟-147,1-70,
舟-148,1-72,
舟-149,1-77,
舟-15,1-155,
舟-150,1-78,
舟-151,1-83,
舟-152,1-86,
舟-153,1-87,
舟-154,1-192,
舟-155,1-111,
舟-156,1-206,
舟-157,1-210,
舟-158,1-117,
舟-159,1-124,
舟-16,1-156,
舟-160,1-129,
舟-161,1-237,
舟-162,1-239,
舟-163,1-134,
舟-164,1-135,
舟-165,1-151,
舟-166,1-170,
舟-167,1-181,
舟-168,1-94,
舟-169,1-102,
舟-17,1-161,
舟-170,1-153,
舟-171,1-104,
舟-172,1-209,
舟-173,1-212,
舟-174,1-214,
舟-175,1-49,
舟-176,1-50,
舟-177,1-56,
舟-178,1-60、1-158,已併入「大腳筒蘭」
舟-179,1-61,
舟-18,1-75,
舟-180,1-66,
舟-181,1-73,
舟-182,1-167,
舟-183,1-175,
舟-184,1-81,
舟-185,1-101,
舟-186,1-112,
舟-187,1-205,
舟-188,,
舟-189,1-218,
舟-19,1-171,
舟-191,1-243,
舟-193,1-100,
舟-194,1-199,
舟-195,1-235,
舟-20,1-173,
舟-21,1-79,
舟-22,1-85,
舟-23,1-99,
舟-24,1-114,
舟-25,1-208,
舟-26,1-211,
舟-27,2-215,
舟-28,1-238,
舟-29,1-136,
舟-30,1-138,
舟-31,1-52,
舟-32,1-154,
舟-33,1-64,
舟-34,1-67,
舟-35,1-69,
舟-36,1-74,
舟-37,1-183,
舟-38,1-103,
舟-39,1-110,
舟-40,1-203,
舟-41,1-259、2-209、4-331,
舟-42,1-126,
舟-43,1-127,
舟-44,4-312,
舟-45,1-137,
舟-46,1-146,
舟-47,1-62,
舟-48,1-63,
舟-49,1-68,
舟-50,1-362,
舟-52,1-178,
舟-53,3-297,
舟-54,1-88,
舟-55,1-187,
舟-56,1-188,
舟-57,1-189,
舟-58,1-90,
舟-59,1-193,
舟-60,1-194,
舟-61,1-95,
舟-62,1-100,已併入「秋海棠」
舟-63,1-197,
舟-64,1-200,
舟-65,1-202,
舟-66,1-217,
舟-67,3-338,
舟-68,,
舟-69,1-130,
舟-70,1-51,
舟-71,1-149,
舟-72,1-150,
舟-73,1-53,
舟-74,1-54,
舟-75,1-159,
舟-76,1-165,
舟-77,2-19,
舟-78,1-166,
舟-79,1-174,
舟-80,1-80,
舟-81,1-185,
舟-82,1-92,
舟-83,1-105,
舟-84,1-106,
舟-85,1-215,
舟-86,1-119,
舟-87,1-219,
舟-88,1-227,
舟-89,1-122,
舟-90,1-125,
舟-91,1-131,
舟-92,1-240,
舟-93,1-242,
舟-94,1-143,
舟-95,1-47,
舟-96,1-59,
舟-97,1-71,
舟-98,1-164,
舟-99,1-184,
舟右-01,1-250,
舟右-02,1-363,
舟右-03,1-157,
舟右-04,1-342,
舟右-05,1-296,
舟右-06,1-186,
舟右-07,1-314,
舟右-08,1-299,
舟右-09,1-356,
舟右-10,1-348,
舟右-11,1-230,
舟右-12,1-233,
舟右-13,1-313,
舟右-14,1-300,
舟右-15,1-331,
舟右-16,1-377,
舟右-17,1-372,
舟右-18,1-333,
舟右-19,1-180,
舟右-20,1-182,
舟右-21,1-368,
舟右-22,3-62,
舟右-23,1-376,
舟右-24,1-375,
舟右-25,3-102,
舟右-26,3-60,
舟右-27,1-176,
舟右-28,1-354、3-283,
舟右-29,1-309,
舟右-30,1-370,
舟右-31,1-367,
舟右-32,1-337,
舟右-33,1-364,
舟右-34,1-373,
舟右-35,1-39,
舟右-36,1-353,
舟右-37,1-201,
舟右-38,1-301,
舟右-39,1-334,
舟右-40,1-221,
舟右-41,1-371,
舟右-42,1-245,
舟右-43,1-351,
舟右-44,1-246,
舟右-45,1-380,
舟右-46,1-310,
舟右-47,1-357,
舟右-48,1-312,
舟右-49,,
舟右-50,1-332、2-268、3-364,已併入「福木」
舟右-51,1-311,
舟右-52,1-315,
舟右-53,1-303,
舟右-54,1-307、4-209,
舟右-55,1-318,
舟右-56,1-344,
舟右-57,,
舟右-58,1-198,
舟右-59,1-304,
舟右-60,1-305,
舟右-61,1-247,
舟右-62,1-306,
舟右-63,1-355,
舟右-64,1-355,已併入「燈豎朽」
舟左-01,1-289、2-303,
舟左-02,1-286、3-386、4-1,
舟左-03,2-218,
舟左-04,1-261,
舟左-05,4-60,
舟左-06,,
舟左-07,1-278,
舟左-08,1-279,
舟左-09,2-214,
舟左-10,1-295,
舟左-11,2-223,
舟左-12,1-294,
舟左-13,1-223,
舟左-14,1-288,
舟左-15,,
舟左-16,2-217,
舟左-17,1-280,
舟左-18,1-252,
舟左-19,1-260,
舟左-20,1-292,
舟左-21,2-213,
舟左-22,1-359,
舟左-23,1-262,
舟左-24,1-266,
舟左-25,1-254,
舟左-26,1-272,
舟左-27,4-103,
舟左-28,2-224,
舟左-29,2-219、3-341,
舟左-30,,
舟左-31,1-256,
舟左-32,2-225,
舟左-33,1-276,
舟左-34,1-269,
舟左-35,1-274,
舟左-36,1-275,
舟左-37,1-259、2-209、4-331,已併入「茄苳」
舟左-38,3-157,
舟左-39,2-222,
舟左-40,2-220,
舟左-41,,
舟左-42,1-82,
舟左-43,1-91,
舟左-44,1-255,
舟左-45,1-271,
舟左-46,1-273,
舟左-47,1-267,
舟左-48,2-212,
舟左-49,,
舟左-50,2-211,
舟左-51,1-283,
舟左-52,1-293,已併入「小葉黃鱔藤」
舟左-53,1-293,
舟左-54,2-226,
舟左-55,1-282,已併入「稜軸土人參」
舟左-56,1-177,
舟左-57,1-281,
舟左-58,1-253,
舟左-59,1-265,
舟左-60,1-93,
舟左-61,1-116,
舟左-62,,
舟左-63,1-234,
舟左-64,1-141,
舟左-65,,
舟左-66,1-290,
舟左-67,1-108,
舟左-68,1-263,
舟左-69,1-264,
舟左-70,2-221,
舟左-72,,
舟左-73,1-258,
舟左-74,2-205,
舟左-75,1-277,
舟左-76,,
舟左-77,1-282,
舟左-78,1-285,
舟左-79,1-287,
舟左-80,1-291,
舟左-81,2-206,
舟左-82,1-284,
舟左-83,2-216,
舟後-01,1-7,
舟後-02,1-46、2-97,已併入「兔兒菜」
舟後-03,1-2,
舟後-04,2-119,已併入「可可樹」
舟後-05,2-121,
舟後-06,1-33,
舟後-07,1-325、2-18,
舟後-08,1-1,
舟後-09,2-123,
舟後-10,2-11、4-356,
舟後-100,,
舟後-11,1-18,
舟後-12,1-5,
舟後-13,1-3,
舟後-14,1-41、2-152,
舟後-15,4-63,
舟後-16,1-16,
舟後-17,1-132,
舟後-18,1-43,
舟後-19,1-24,
舟後-20,1-249,
舟後-21,1-4,
舟後-22,2-122,
舟後-23,2-120,
舟後-24,1-27,
舟後-25,3-259,
舟後-26,2-34、4-2,
舟後-27,4-104,
舟後-28,2-9,
舟後-29,1-248,
舟後-30,1-10,
舟後-31,1-10,已併入「日本莢蒾」
舟後-32,2-124,
舟後-33,1-142,
舟後-34,1-139,
舟後-35,2-138,
舟後-36,2-139,
舟後-37,2-331,
舟後-38,,
舟後-39,1-42,
舟後-40,2-116,
舟後-41,1-207,
舟後-42,1-6,
舟後-43,1-8,
舟後-44,1-35,
舟後-45,1-12,
舟後-46,1-29,
舟後-47,2-134,
舟後-48,1-13,
舟後-49,2-128,
舟後-50,1-1,已併入「帝皇烏藍」
舟後-51,1-20,
舟後-52,1-17,
舟後-53,1-14,
舟後-54,2-15,
舟後-55,2-118,
舟後-56,2-125,
舟後-57,1-28,
舟後-58,2-13,
舟後-59,1-22,
舟後-60,2-130,
舟後-61,2-135,
舟後-62,2-12,
舟後-63,,
舟後-64,1-34,
舟後-65,2-133,
舟後-66,1-38,
舟後-67,1-213,
舟後-68,1-25,
舟後-69,2-129,
舟後-70,1-229,
舟後-71,1-123,
舟後-72,2-117,
舟後-73,2-127,
舟後-74,1-11,
舟後-75,2-132,
舟後-76,1-44,
舟後-77,1-31,
舟後-78,1-15,
舟後-79,2-14,
舟後-80,1-26,
舟後-81,3-369,
舟後-82,2-10,
舟後-83,,
舟後-84,2-119,
舟後-85,1-37,
舟後-86,1-40,
舟後-87,1-23,
舟後-88,2-6,
舟後-89,1-9、1-19,已併入「葛瑪蘭芭蕉」
舟後-90,2-126,
舟後-91,1-36,
舟後-92,2-131,
舟後-93,,
舟後-94,1-21,
舟後-95,2-140,
舟後-96,2-7,
舟後-97,2-136、4-70,
舟後-98,2-8,
舟後-99,1-9、1-19,
茜-01,3-384、4-120,
茜-02,3-252,
茜-03,4-133、4-230,
茜-04,4-138,
茜-05,3-280,
茜-06,2-339、4-129,
茜-07,4-30,
茜-08,4-137,
茜-09,4-135、4-187,
茜-10,3-75、4-74,
茜-11,3-337,
茜-12,3-281,
茜-13,3-335,
茜-14,3-188,
茜-15,4-28,
茜-16,3-253,
茜-17,4-128,
茜-18,3-291,
茜-19,4-68,
茜-20,4-8,
茜-21,3-277,
茜-22,4-134,
茜-23,4-139,
茜-24,4-33,
茜-25,4-165,
茜-26,3-190,
茜-27,3-278,
茜-28,4-66,
茜-29,3-334,
茜-30,4-75,
茜-31,3-191,
茜-32,3-187,
茜-33,4-7,
茜-34,3-189,
茜-35,3-255,
茜-36,1-298、4-34,
茜-37,3-333,
茜-38,4-71,
茜-39,3-336,
茜-40,4-31,
茜-41,4-69,
茜-42,2-136、4-70,已併入「鵝鑾鼻蔓榕」
茜-43,4-72,
茜-44,4-67,
茜-45,4-131,
茜-46,4-136,
茜-47,3-254,
荷-01,,
荷-02,3-104,
荷-03,3-300、3-304、3-319、4-227,
荷-04,3-231、4-93,
荷-05,3-130,
荷-06,3-228,
荷-07,3-144、3-353,
荷-08,3-351,
荷-09,3-129,
荷-10,3-147,
荷-101,3-355,
荷-102,3-82,
荷-103,3-362,
荷-104,3-85,已併入「披針葉饅頭果」
荷-105,3-271,
荷-106,3-139、3-361,
荷-107,3-229,
荷-108,3-150,
荷-109,3-100,
荷-11,,
荷-110,,
荷-111,3-315,
荷-112,,
荷-113,3-293,
荷-114,3-105,
荷-115,3-360,
荷-116,,
荷-117,3-299,
荷-118,3-317,
荷-119,,
荷-12,,
荷-120,3-303,
荷-121,3-312,
荷-122,3-316,
荷-13,3-149,
荷-14,3-240,
荷-15,,
荷-16,3-260,
荷-17,3-230,
荷-18,3-262,
荷-19,3-274,
荷-20,3-273,
荷-21,3-318,
荷-22,,
荷-23,3-375,
荷-24,3-95、4-317,
荷-25,3-265,
荷-26,3-320,
荷-27,3-236,
荷-28,,
荷-29,3-269,
荷-30,3-143、4-121,
荷-31,,
荷-32,3-363,
荷-33,3-211,
荷-34,3-55,
荷-35,3-153,
荷-36,3-264,
荷-37,3-313,
荷-38,3-314、4-102,
荷-39,3-131,
荷-40,1-358、3-68、3-194、4-334,
荷-41,3-151,
荷-42,3-305,
荷-43,3-84、3-107、3-109,
荷-44,,
荷-45,3-103,已併入「船子草」
荷-46,3-103,
荷-47,3-242,
荷-48,3-146,
荷-49,3-270,
荷-50,3-106、4-325,
荷-51,3-298,
荷-52,3-302,
荷-53,3-311,
荷-54,3-292,
荷-55,3-321,
荷-56,3-309,
荷-57,3-268,
荷-58,3-234,
荷-59,3-145,
荷-60,3-85,
荷-61,3-357,
荷-62,3-263,
荷-63,3-152,
荷-64,3-134,
荷-65,3-294,
荷-66,3-96,
荷-67,3-306,
荷-68,3-296,
荷-69,3-98,
荷-70,3-323,
荷-71,,
荷-72,3-237,
荷-73,3-261,
荷-74,3-142,
荷-75,3-241,
荷-76,3-359,
荷-77,1-244,
荷-78,2-24、3-307,
荷-79,3-233,
荷-80,1-140,
荷-81,3-232,
荷-82,3-295,
荷-83,3-290,
荷-84,3-101,
荷-85,3-99,
荷-86,3-94,
荷-87,3-301、4-174,已併入「葉氏坡油甘」
荷-88,3-258、3-349,
荷-89,3-239,
荷-90,3-136,
荷-91,3-356,
荷-92,3-288,
荷-93,3-267,
荷-94,3-203,
荷-95,3-308,
荷-96,3-238,
荷-97,3-322,
荷-98,3-110,
荷-99,3-324,
蕨-01,2-172、4-222,
蕨-02,2-159、2-246,
蕨-03,2-184,
蕨-04,2-251,
蕨-05,2-245,
蕨-06,2-190,
蕨-07,,
蕨-08,3-185,
蕨-09,,
蕨-10,2-161,
蕨-11,2-171,
蕨-12,2-248,
蕨-13,2-155、2-208,
蕨-14,2-241,
蕨-15,4-32,
蕨-16,,
蕨-17,2-253,
蕨-18,2-247,已併入「蟠龍石斛蘭」
蕨-19,2-247,
蕨-20,2-167,
蕨-21,2-191,
蕨-22,3-76,
蕨-23,2-250,
蕨-24,2-185,
蕨-25,2-188,
蕨-26,,
蕨-27,2-300,
蕨-28,2-249,
蕨-29,2-158,
蕨-30,2-265,
蕨-31,2-192,
蕨-32,,
蕨-33,2-189,
蕨-34,2-243,
蕨-35,,
蕨-36,,
蕨-37,,
蕨-38,2-252,
蕨-39,,
蕨-40,,
蕨-41,,
蕨-42,,
蕨-43,,
蕨-44,2-186,
蕨-45,,
蕨-46,2-193,
蕨-47,2-244,
蕨-48,2-156,
蕨-49,2-101,
蕨-50,,
蕨-51,,
蕨-52,2-187,
蕨-53,2-242,
蕨-54,2-151,
蕨-55,2-160,
蕨-56,,
蕨-57,,
蕨-58,,
蕨-59,,
蕨-60,,
蕨-61,,
蕨-62,,
蕨-63,,
蕨-64,,
蕨-65,,
蕨-66,,
蕨-67,,
蕨-68,,
蕨-69,,
蕨-70,,
蕨-71,,
蕨-72,,
蕨-73,,
蕨-74,,
蕨-75,,
蕨-76,,
薑-01,4-79,
薑-02,4-123,
薑-03,4-159,
薑-04,4-81,已併入「茶匙癀」
薑-05,,
薑-06,4-155,
薑-07,4-245,
薑-08,4-247,
薑-09,4-141,
薑-10,4-283,
薑-100,,
薑-101,4-126,
薑-102,4-272,
薑-11,4-284,
薑-12,4-237,
薑-13,4-288,
薑-14,4-127,
薑-15,4-150,
薑-16,2-308,
薑-17,4-146,
薑-18,4-292,
薑-19,4-243,
薑-20,4-246,
薑-21,4-261,
薑-22,4-266,
薑-23,4-143,
薑-24,4-250,
薑-25,4-298,
薑-26,4-145,
薑-27,4-232,
薑-28,4-294,
薑-29,4-236,
薑-30,4-362,
薑-31,4-156,
薑-32,4-257,
薑-33,4-233、4-282,
薑-34,4-254,
薑-35,4-286,
薑-36,4-267,
薑-37,4-242,
薑-38,4-289,
薑-39,4-76、4-119,
薑-40,4-82,
薑-41,4-132,
薑-42,4-234,
薑-43,4-149,
薑-44,4-239,已併入「塔蓬貝克閉鞘薑」
薑-45,4-239,
薑-46,4-158,
薑-47,4-244,
薑-48,4-251,
薑-49,4-249,
薑-50,4-235,
薑-51,4-278,
薑-52,4-277,
薑-53,4-297,
薑-54,4-270,
薑-55,4-265,
薑-56,4-248,
薑-57,4-279,
薑-58,4-269,
薑-59,4-162,
薑-60,4-157,
薑-61,4-255,
薑-62,4-287,
薑-63,4-260,
薑-64,4-238,
薑-65,4-293,
薑-66,4-144,
薑-67,4-259,
薑-68,4-263,
薑-69,4-153,
薑-70,4-290,
薑-71,4-161,
薑-72,4-256,
薑-73,4-151,
薑-74,4-258,
薑-75,4-148,
薑-76,4-296,
薑-77,4-241,
薑-78,4-268,
薑-79,4-264,
薑-80,4-125,
薑-81,4-147,
薑-82,4-291,
薑-83,4-253,
薑-84,4-160,
薑-85,4-142,
薑-86,4-281,
薑-87,4-140,
薑-88,4-262,
薑-89,4-280,
薑-90,4-276,
薑-91,4-154,
薑-92,4-124,
薑-93,4-295,
薑-94,4-285,
薑-95,,
薑-96,4-240,
薑-97,4-152,
薑-98,4-240,已併入「熱帶赫蕉」
薑-99,4-299,
蜜-01,,
蜜-02,2-238,
蜜-03,2-162、2-240,
蜜-04,2-112,
蜜-05,2-236,
蜜-06,2-235,
蜜-07,2-231,
蜜-08,2-108,
蜜-10,3-148,
蜜-11,2-229,
蜜-12,2-154、3-80,
蜜-13,2-196,
蜜-14,2-143,
蜜-15,2-141,
蜜-16,2-150,
蜜-17,2-149,
蜜-18,2-239,
蜜-19,2-195,
蜜-20,2-148、3-272,
蜜-21,2-232,
蜜-22,,
蜜-23,2-20,
蜜-24,2-147,
蜜-25,2-230,
蜜-26,2-111,
蜜-27,2-145,
蜜-28,2-234,
蜜-29,2-203,
蜜-30,2-199,
蜜-31,2-144,
蜜-32,2-204,
蜜-34,,
蜜-35,2-269,
蜜-36,2-227,
蜜-37,2-113,
蜜-38,2-194,
蜜-39,2-199,已併入「琉球野薔薇」
蜜-40,1-332、2-268、3-364,已併入「福木」
蜜-41,2-201,
蜜-42,2-233,
蜜-43,2-142,
蜜-44,2-153,
蜜-45,2-228,
蜜-46,2-200,
蜜-47,2-237,
蜜-48,2-17,
蜜-49,2-110,
蜜-50,2-148、3-272,已併入「龍骨瓣莕菜」
蜜-51,2-202,
蜜-52,,
蜜-53,2-114,
野-01,3-164,
野-02,3-163,
野-03,3-125,
野-04,3-84、3-107、3-109,已併入「紅果金粟蘭」
野-05,3-126,
野-06,3-161,
野-07,3-111,
野-08,3-159,
野-09,3-220,
野-10,3-165,
野-11,3-227,
野-12,,
野-13,3-156,
野-14,3-216,
野-15,3-160,
野-16,3-158,
野-17,3-162,
野-18,3-154,
野-19,3-172,
野-20,3-170,
野-21,2-16、3-245,
野-22,3-128、3-155,已併入「刺葉黃褥花」
野-23,3-128、3-155,
野-24,3-214,
野-25,3-224,
野-26,3-166,
野-27,3-213,
野-28,3-169,
野-29,3-174,
野-30,3-212,
野-31,3-215,
野-32,3-206、4-186,已併入「布列氏黃芩」
野-33,3-221,
野-34,3-225,
野-35,3-217,
野-36,3-204,
野-37,3-171,
野-38,3-168,
野-39,3-205,
野-40,3-208,
野-41,3-91,
野-42,3-226,
野-43,3-244,
野-44,3-209,
野-45,3-222,
野-46,3-243,
野-47,3-218,
野-48,,
野-49,3-207,
野-50,,
野-51,,
雙-01,3-200,
雙-02,3-331,
雙-03,2-264、3-286,
雙-04,3-72、3-279、4-37、4-113,
雙-05,3-368,
雙-06,2-178、3-326,
雙-07,1-352、3-347,
雙-08,3-325,
雙-09,3-108、3-327,
雙-10,3-176,
雙-11,3-345,
雙-12,3-350,
雙-13,3-250,
雙-14,3-202,
雙-15,3-197,
雙-16,3-120、3-121,已併入「裡白巴豆」
雙-17,3-287,
雙-18,3-124,
雙-19,3-340,
雙-20,3-123,
雙-21,3-182,
雙-22,2-197,
雙-23,3-249,
雙-24,3-248,
雙-25,3-122,
雙-26,3-118,
雙-27,3-112,
雙-28,3-179,
雙-29,3-282,
雙-30,3-198,
雙-31,3-328,
雙-32,3-246,
雙-33,3-346,
雙-34,3-276,
雙-35,3-177,
雙-36,3-275,
雙-37,3-114,
雙-38,3-201,
雙-39,3-181,
雙-40,4-86,
雙-41,3-199,
雙-42,3-195,
雙-43,3-256,
雙-44,3-339,
雙-45,3-344,
雙-46,3-178,
雙-47,1-332、2-268、3-364,
雙-48,3-120、3-121,
雙-49,3-329,
雙-50,3-354,
雙-51,3-330,
雙-52,3-285,
雙-53,3-113,
雙-54,3-184,
雙-55,3-192,
雙-56,3-192,已併入「子彈石櫟」
雙-57,3-343,
雙-58,3-183,
雙-59,3-348,
雙-60,3-186,
雙-61,3-352,
雙-62,3-247,
雙-63,3-193,
雙-65,3-332,
雙-66,3-119,
雙-67,3-196,
雙-68,3-180,
