內部代號,中文名,緯度,經度
雙-69,榔榆,25.0317709,121.5101513
原-39,金花石蒜,25.0312788,121.5089363
澳-25,臺灣梭羅樹,25.0328147,121.5081048
肉-61,大葉穀精草,25.0330808,121.5087230
地-45,阿拉比卡咖啡,25.0318766,121.5090234
澳-58,小朱蕉,25.0323067,121.5081115
舟右-49,瓦氏秋海棠,25.0325960,121.5097194
舟右-65,朱槿,25.0326434,121.5096712
茜-48,九芎,25.0320115,121.5095612
舟左-52,小葉黃鱔藤,25.0327211,121.5094606
舟左-84,茅毛珍珠菜,25.0327783,121.5093748
舟後-101,芒果,25.0331476,121.5094217
舟後-102,麥門冬,25.0331331,121.5095585
舟右-66,台灣香檬,25.0327722,121.5097784
雙-70,燈稱花,25.0321330,121.5097342
舟-196,蜘蛛抱蛋,25.0329338,121.5093520
荷-123,布袋蓮,25.0322703,121.5112188
舟右-67,蘭嶼胡桐,25.0326227,121.5097343
水-28,春不老,25.0317916,121.5082724
荷-124,柿葉茶茱萸,25.0323712,121.5113919
舟-197,金平氏冬青,25.0326033,121.5097852
舟右-68,厚葉石斑木,25.0326616,121.5097423
舟左-76,田代氏鐵線蓮,25.0326956,121.5095693
名-60,肯氏南洋杉,25.0333044,121.5105751
佛-36,無憂樹,25.0329533,121.5106314
佛-37,肯氏蒲桃,25.0324368,121.5106596
澳-59,肯氏蒲桃,25.0325692,121.5082188
荷-125,射干,25.0316980,121.5104316
名-61,側柏,25.0330140,121.5105000
澳-60,燈稱花,25.0323043,121.5087713
舟右-69,天料木,25.0326288,121.5097020
名-62,森氏紅淡比,25.0328621,121.5102948
肖-60,馬茶花,25.0324101,121.5088598
肖-61,毛柿,25.0322606,121.5089269
蕨-77,錫蘭饅頭果,25.0328317,121.5083918
澳-61,楓港柿,25.0322217,121.5081423
肖-62,鋭葉牽牛,25.0323043,121.5089497
肖-63,高士佛紫金牛,25.0322837,121.5089483
民-39,羅氏鹽膚木,25.0312727,121.5085085
蕨-78,燈稱花,25.0329083,121.5082523
地-46,九節木,25.0321196,121.5091307
舟左-85,卡鄧伯木,25.0325863,121.5094110
澳-62,枯里珍,25.0322958,121.5082563
薑-103,綠葉朱蕉,25.0311366,121.5092434
蕨-79,山菜豆,25.0328998,121.5084588
水-29,樟樹,25.0315813,121.5084306
水-30,落羽松,25.0316276,121.5084602
茜-49,假橡膠木,25.0319750,121.5095170
棕-13,短莖薩巴爾櫚,25.0310831,121.5089644
園-17,藝妓咖啡,25.0318876,121.5090127
肉-112,垂果瓜,25.0329970,121.5085661
茜-50,鈴木草,25.0315777,121.5093560
地-47,長柄竹蕉,25.0321452,121.5089792
原-40,方莖金絲桃,25.0313602,121.5089390
舟左-86,日本山茶,25.0327467,121.5094084
竹-68,田代氏鼠尾草,25.0314477,121.5082255
舟後-103,阿薩姆茶,25.0330273,121.5091106
原-41,桔梗蘭,25.0312715,121.5089255
茜-51,鷗蔓,25.0316287,121.5093131
