內部代號,花名
佛-01,台灣穗花杉
佛-02,地果榕
佛-03,小菫菜
佛-04,桂花
佛-05,烏心石
佛-06,琉球莢迷
佛-07,翼柄第倫桃
佛-08,華八仙
佛-09,蒲桃
佛-10,蒲瓜樹
佛-11,蘭嶼山馬茶
佛-12,黃鵪菜
佛-13,呂宋莢迷
佛-14,寶冠木
佛-15,美人蕉
佛-16,台灣附地草
佛-17,地湧金蓮
佛-18,彎子木
佛-19,栓皮櫟
佛-20,芳香萬壽菊
佛-21,苦楝
佛-22,附地菜
佛-23,香水檸檬
佛-24,黃花曼陀羅
佛-25,南天竹
佛-26,囊葉榕
佛-27,筆柿
佛-28,紫茉莉
佛-29,酸藤
佛-30,夜合花
佛-31,飛機草
佛-32,第倫桃
佛-33,雞毛松
佛-34,優曇華
佛-35,棗子
佛-36,無憂樹
佛-37,肯氏蒲桃
佛-38,含笑
原-01,台灣刺蕊草
原-02,台灣瑞木
原-03,大苞偏穗花
原-04,寬葉金粟蘭
原-05,施丁草
原-06,花葉蘭嶼海桐
原-07,苦檻藍
原-08,多序宿柱薹
原-09,日本鳶尾
原-10,普剌特草
原-11,桔梗蘭
原-12,細葉蚊母樹
原-13,細辛葉鬼督郵
原-14,南丹參
原-15,小石積
原-16,槲櫟
原-17,毛苦參
原-18,琉球鈴木草
原-19,翻白草
原-20,越橘葉蔓榕
原-21,鐘萼豆
原-22,小葉魚藤
原-23,穗花斑葉蘭
原-24,鐵色
原-25,齒葉矮冷水麻
原-26,卵葉水丁香
原-27,山芝麻
原-28,排香草
原-29,新竹腹水草
原-30,方莖金絲桃
原-31,田代氏黃芩
原-32,紅頭耳鉤草
原-33,蘭嶼小鞘蕊花
原-34,細葉假黃鵪菜
原-35,鹿谷秋海棠
原-36,基隆扁葉芋
原-37,長果月橘
原-38,日本薯蕷
原-39,金花石蒜
原-40,方莖金絲桃
原-41,桔梗蘭
原-42,小葉魚藤
名-01,佛氏通泉草
名-02,南台冬青
名-03,大葉山欖
名-04,大葉桂
名-05,聖誕紅
名-06,日本花柏
名-07,蘭嶼山桂花
名-08,黑星紫金牛
名-09,亮葉南洋杉
名-10,側柏
名-11,台灣油杉
名-12,矮仙丹
名-13,紅花野牽牛
名-14,美葉蘇鐵
名-15,虎尾蘭
名-16,冇樟
名-18,桃實百日青
名-19,番木瓜
名-20,福建柏
名-21,雀榕
名-22,克菲亞草
名-23,加羅林魚木
名-24,台灣絡石
名-25,姬鳳梨
名-26,直立鴨跖草
名-27,絨氈草
名-28,絨葉小鳳梨
名-29,耬斗菜
名-30,蔓綠絨
名-31,蘭嶼福木
名-32,蘭嶼胡桐
名-33,虎紋鳳梨
名-34,豨薟
名-35,銀波草
名-36,含羞草
名-37,大紅秋海棠
名-38,彩葉鳳梨
名-39,火柴棒鳳梨
名-40,爪狀苞舌蘭
名-41,紫鳳凰
名-42,羅漢松
名-43,金葉木
名-44,金鳥赫蕉
名-45,鵝掌藤
名-47,捲葉鶯歌鳳梨
名-48,三蕊楠
名-49,肯氏南洋杉
名-50,金針花
名-52,黑狐狸秋海棠
名-53,情人粗肋草
名-54,數珠珊瑚
名-55,水黃皮
名-56,圓葉蒲葵
名-57,竹頭角木薑子
名-58,艾咪秋海棠
名-60,肯氏南洋杉
名-61,側柏
名-62,石斑木
名-63,黑星紫金牛
名-64,矮仙丹
名-65,森氏紅淡比
園-01,三爪金龍
園-02,南台灣山芙蓉
園-03,台灣山芙蓉
園-05,海芋
園-07,仙客來
園-08,小菫菜
園-09,金魚草
園-12,楊梅
園-13,藍眼菊
園-14,蜀椒
園-15,賴比瑞亞咖啡
園-16,凹葉柃木
園-17,藝妓咖啡
園-18,蘭嶼羅漢松
園-20,五彩鳳梨
園-21,扁櫻桃
園-22,林下薹
園-23,玉山紫金牛
園-24,酸味秋海棠
園-25,倒地蜈蚣
園-26,心碎彩葉鳳梨
園-28,棉棗兒
園-29,藍晶花
園-30,紫花鳳梨
園-31,細葉雪茄花
園-32,長距根節蘭
園-33,印度金鈕釦
園-34,台灣欒樹
園-35,天使花
園-36,木蝴蝶
園-37,鐵雨傘
園-39,圓葉布勒德藤
園-40,細葉結縷草
園-42,彩葉草
園-43,散花山螞蝗
園-44,柳葉水蓑衣
園-47,六倍利
園-48,新幾內亞鳳仙花
園-50,醉蝶花
地-01,台灣山茶
地-03,恆春山茶
地-04,紅花蘆莉
地-05,紫夢幻蕉
地-06,細葉紫珠
地-07,苗栗白花龍
地-08,茶匙癀
地-09,長柄竹蕉
地-10,黃扇鳶尾
地-11,台灣黃鵪菜
地-13,和平菱果薹
地-14,小菫菜
地-15,櫻花
地-16,沃格爾鄧伯花
地-17,澎湖金午時花
地-18,煙火樹
地-19,蔓苦蕒
地-20,台灣風蘭
地-21,基隆紫堇
地-22,墨染櫻
地-23,大武蜘蛛抱蛋
地-24,白珊瑚花
地-25,紅花檵木
地-26,香鈴梔
地-27,恆春半插花
地-28,玉蘭花
地-29,石碇佛甲草
地-30,臘腸樹
地-31,苗栗崖爬藤
地-32,藝妓咖啡
地-33,路易斯安那鳶尾
地-34,澎湖大豆
地-35,細葉紫珠
地-36,白玉蘭
地-37,基隆野山藥
地-38,闊葉大豆
地-39,夏菫
地-40,文竹
地-41,鳳凰山茶
地-42,龍潭莕菜
地-44,苗栗白花龍
地-45,阿拉比卡咖啡
地-46,厚皮香
地-47,九節木
地-48,長柄竹蕉
地-49,紅花檵木
地-50,石碇佛甲草
天-01,火鶴花
天-02,亞馬遜百合
天-03,苦橙
天-04,合果芋
天-05,申跋
天-06,雉尾花燭
天-07,青楓
天-08,蝙蝠花
天-09,假玉簪
天-10,羽裂蔓綠絨
天-11,阿勃勒
天-12,魚木
天-13,盾柱木
天-14,雉尾花燭
天-15,非洲薯蕷
天-16,白馬粗肋草
天-17,蘭嶼芋
天-18,龜背芋
天-19,洋洛葵
天-20,菲律賓扁葉芋
天-21,銀王粗肋草
天-22,竹節草
棕-01,水茄
棕-02,冬紅花
棕-03,大葉釣樟
棕-05,綠葉朱蕉
棕-06,君子蘭
棕-07,圓扇椰子
棕-08,山棕
棕-09,觀音棕竹
棕-10,錦屏藤
棕-11,克利巴椰子
棕-12,棕竹
棕-13,短莖薩巴爾櫚
棕-14,印度紫檀
棕-16,短莖薩巴爾櫚
棕-19,黃椰子
棕-20,大葉合歡
棕-23,韭蘭
棕-24,土牛膝
棕-25,毛土連翹
棕-27,圓葉刺軸櫚
棕-28,構樹
棕-29,叢立孔雀椰子
棕-30,黃椰子
民-01,假酸漿
民-02,囊稃竹
民-03,土肉桂
民-04,大頭茶
民-05,天仙果
民-06,山枇杷
民-07,樹豆
民-08,紅果薹
民-09,蓪草
民-10,虎婆刺
民-11,鵲豆
民-12,台灣二葉松
民-13,山胡椒
民-14,石菖蒲
民-15,印度鞭藤
民-16,台灣櫸
民-17,大葉楠
民-18,拓樹
民-19,日本楨楠
民-21,香楠
民-22,土半夏
民-24,苧麻
民-27,白花野牡丹
民-28,葶花水竹葉
民-29,魚針草
民-30,柳條省藤
民-31,刺竹
民-32,林投
民-33,毛土連翹
民-34,青苧麻
民-35,食茱萸
民-36,台灣澤蘭
民-38,囊稃竹
民-39,羅氏鹽膚木
民-40,菜豆
民-41,落羽松
民-42,赤小豆
民-45,白背芒
民-46,車桑子
民-47,魚針草
水-01,台灣萍蓬草
水-02,大安水蓑衣
水-03,心葉齒果澤瀉
水-04,烏皮九芎
水-05,大花皇冠草
水-06,披針葉慈姑
水-07,輪傘莎草
水-08,刺芋
水-09,木賊
水-10,華九頭獅子草
水-11,醴腸
水-12,三白草
水-13,秘魯水丁香
水-14,金午時花
水-15,煉莢豆
水-16,香鄧伯花
水-17,鸚黃赫蕉
水-18,長苞香蒲
水-19,霧水葛
水-20,煉莢豆
水-22,七爪萼龍藤
水-23,桃園石龍尾
水-24,蜘蛛百合
水-25,長苞香蒲
水-26,紅樓花
水-28,春不老
水-29,樟樹
水-30,落羽松
澳-01,含笑
澳-02,美麗刺桐
澳-03,草野氏冬青
澳-04,菲律賓胡頹子
澳-05,蓬萊胡頹子
澳-06,藤胡頹子
澳-07,蘭嶼胡頹子
澳-08,黃金蒲桃
澳-09,串錢柳
澳-10,台灣胡頹子
澳-11,細葉桉
澳-12,蘭嶼野茉莉
澳-13,軟毛柿
澳-14,金黃百合竹
澳-15,地蠶
澳-16,柚子
澳-17,水芹菜
澳-18,燈稱花
澳-19,狹瓣華八仙
澳-20,百部
澳-21,菱葉柿
澳-22,野鴉椿
澳-23,鸚鵡鳳梨
澳-24,麗鶯鳳梨
澳-25,台灣梭羅樹
澳-26,小葉樹杞
澳-27,廣東萬年青
澳-28,楓港柿
澳-29,橢圓葉赤楠
澳-30,直幹相思樹
澳-31,台灣梭羅樹
澳-32,蓮霧
澳-33,長紅木
澳-34,黃福欖
澳-35,呂宋毛蕊木
澳-36,山欖
澳-37,楊桃
澳-38,白仙丹花
澳-39,蘭嶼野櫻花
澳-40,黛粉葉
澳-41,串鼻龍
澳-42,大花紫薇
澳-43,小葉赤楠
澳-44,巒大雀梅藤
澳-45,樹杞
澳-46,穗花棋盤腳
澳-47,蘭嶼木藍
澳-48,小葉樫木
澳-49,檸檬桉
澳-50,巒大雀梅藤
澳-51,托列里桉
澳-52,彩虹桉
澳-53,複羽葉欒樹
澳-54,長穗木
澳-55,台灣梭羅樹
澳-56,台灣胡頹子
澳-57,朱蕉
澳-58,小朱蕉
澳-59,肯氏蒲桃
澳-60,樹蘭
澳-61,燈稱花
澳-62,楓港柿
澳-63,枯里珍
澳-64,蘭嶼野茉莉
澳-65,白仙丹花
澳-66,澳洲胡桃
澳-67,油點木
澳-68,菊花木
澳-69,紅花緬梔
澳-70,台東漆
澳-71,串錢柳
澳-72,紅花緬梔
澳-73,菊花木
竹-01,印度黃芩
竹-02,庭梅
竹-03,牧野氏山芙蓉
竹-04,田代氏鼠尾草
竹-05,芫花
竹-07,鐵莧菜
竹-08,佛萊明豆
竹-10,台灣馬兜鈴
竹-11,番木瓜
竹-13,竹仔菜
竹-14,紅楠
竹-15,紫花藿香薊
竹-16,台灣蒲公英
竹-17,台灣麟球花
竹-18,堅硬女婁菜
竹-19,夏枯草
竹-20,布列氏黃芩
竹-21,牛皮消
竹-22,珍珠菜
竹-23,紅梅消
竹-24,綬草
竹-25,蓬萊珍珠菜
竹-26,香茶菜
竹-27,馬纓丹
竹-28,魚眼草
竹-29,魚腥草
竹-30,鼠麴草
竹-31,大丁黃
竹-32,大漢山珍珠菜
竹-33,姑婆芋
竹-34,星宿菜
竹-35,毛蓼
竹-36,灰木
竹-37,狹葉艾納香
竹-38,藍花琉璃繁縷
竹-39,線葉佛萊明豆
竹-40,台灣破傘菊
竹-41,苦苣菜
竹-42,葶藶
竹-43,台灣破傘菊
竹-44,密毛爵床
竹-45,昭和草
竹-46,過江藤
竹-47,鋸葉香茶菜
竹-48,鐵掃帚
竹-49,疣果葉下珠
竹-50,委陵菜
竹-51,石薺薴
竹-52,葉氏坡油甘
竹-53,山萵苣
竹-54,蟛蜞菊
竹-55,薄荷
竹-56,高粱
竹-57,台灣土黨參
竹-58,直毛假地豆
竹-59,仙草
竹-60,印度山芙蓉
竹-61,台灣油芒
竹-63,薏苡
竹-64,灰葉蕕
竹-66,包籜矢竹
竹-67,白花藿香薊
竹-68,田代氏鼠尾草
竹-69,馬纓丹
肉-01,三角霸王鞭
肉-02,兔兒菜
肉-03,台灣油點草
肉-04,圓葉母草
肉-05,垂果瓜
肉-06,天蓬草
肉-07,松葉蕨
肉-08,水丁香
肉-09,海岸擬茀蕨
肉-10,粉黃纓絨花
肉-100,山葛
肉-101,月桃
肉-102,榕樹
肉-103,細葉雀翹
肉-104,蔓蘘荷
肉-105,雪絹
肉-106,香水毬蘭
肉-107,曇花
肉-108,水蓑衣
肉-109,鐘樓閣
肉-11,金剛纂
肉-110,德雷
肉-111,無刺麒麟花
肉-112,垂果瓜
肉-12,錦鹿丹
肉-13,霸王鞭
肉-14,食用蠟燭木
肉-15,三尖葉西番蓮
肉-16,內苳子
肉-17,卡州滿江紅
肉-18,台灣水韭
肉-19,斑葉紅筆鳳梨
肉-20,斑點蘆薈
肉-21,朴樹
肉-22,水柳
肉-23,牛軛草
肉-24,猿戀葦
肉-25,紫玉露
肉-26,翼莖水芹菜
肉-27,阿寒湖
肉-28,麒麟花
肉-29,哨兵花
肉-30,垂柳
肉-31,大黑天
肉-32,天藍苜蓿
肉-33,小刺桐
肉-34,毛女貞
肉-35,風鈴木
肉-36,細葉彈簧草
肉-37,蘭嶼血藤
肉-38,過長沙
肉-39,野慈姑
肉-40,長序木通
肉-41,厚葉鳳梨
肉-42,大葉穀精草
肉-43,孤挺花
肉-44,山黃麻
肉-46,摺墨
肉-48,玉翁
肉-49,珊瑚油桐
肉-50,石龍芮
肉-51,細葉零餘子
肉-52,翠冠玉
肉-53,翠晃冠
肉-54,老翁龍舌蘭
肉-55,蟛蜞菊
肉-56,血桐
肉-57,金武扇仙人掌
肉-58,雲南石梓
肉-59,半邊蓮
肉-60,單刺仙人掌
肉-61,大葉穀精草
肉-62,天王丸
肉-63,毛馬齒莧
肉-64,瓊麻
肉-65,紅刺露兜樹
肉-66,緋花玉
肉-67,草海桐
肉-68,蠅翼草
肉-69,野慈姑
肉-70,非洲霸王樹
肉-71,風箱樹
肉-72,龍王丸
肉-73,大鄧伯花
肉-74,孔雀丸
肉-75,斑葉蘆薈
肉-76,田蔥
肉-77,白斑玉露
肉-78,糯米糰
肉-79,紅筆鳳梨
肉-80,絨傘水牛角
肉-81,絲葦
肉-82,耳葉刺蕊草
肉-83,邱比特
肉-84,金棒王蘭
肉-85,黃荊
肉-86,龍角
肉-87,一點紅
肉-88,大花魔星花
肉-90,熊貓仙丹花
肉-91,珊瑚鳳梨
肉-92,錦盃閣
肉-93,刺葉王蘭
肉-94,大葉田香草
肉-95,大鄧伯花
肉-96,紅龍角
肉-97,武藏野
肉-98,紅花石蒜
肉-99,縞馬
肖-01,台灣蛇莓
肖-02,咬人狗
肖-03,桃葉珊瑚
肖-04,毛葉蝴蝶草
肖-05,台灣蛇莓
肖-06,雞冠刺桐
肖-07,馬利筋
肖-08,鳳梨鼠尾草
肖-09,龍吐珠
肖-10,台灣馬醉木
肖-11,環翅馬齒莧
肖-12,筆筒樹
肖-13,豬殃殃
肖-14,雞母珠
肖-15,高士佛紫金牛
肖-16,黃花鼠尾草
肖-17,南國小薊
肖-18,天胡荽
肖-19,奧氏虎皮楠
肖-20,山豬肉
肖-21,牛樟
肖-22,狗骨仔
肖-24,鋭葉牽牛
肖-25,馬蹄金
肖-26,四葉蘿芙木
肖-27,瓶爾小草
肖-28,羊奶埔
肖-29,苞花蔓
肖-30,龍眼
肖-31,匍匐半插花
肖-32,台灣狗娃花
肖-33,四葉蘿芙木
肖-34,山豬枷
肖-35,毛柿
肖-36,牛筋草
肖-37,馬茶花
肖-38,鼠刺
肖-39,欖仁
肖-40,羽葉兔尾草
肖-41,雞蛋花
肖-42,香椿
肖-43,牛奶榕
肖-44,蒼耳
肖-45,馬蘭
肖-46,龍牙草
肖-48,水同木
肖-49,牛奶榕
肖-50,白千層
肖-51,刺茄
肖-52,老虎心
肖-53,榔榆
肖-54,盤龍木
肖-55,紫莖牛膝
肖-56,華蔓首烏
肖-57,雞母珠
肖-58,匍匐微耳草
肖-59,鼠尾粟
肖-60,馬茶花
肖-61,毛柿
肖-62,鋭葉牽牛
肖-63,高士佛紫金牛
肖-64,龍吐珠
舟-01,李氏櫻桃
舟-02,皮氏鳳梨
舟-03,稜骨鞭
舟-04,竹子山十大功勞
舟-05,細莖鶴頂蘭
舟-06,茶花
舟-07,西瓜皮毬蘭
舟-08,都蘭山金石榴
舟-09,阿里山十大功勞
舟-10,雲葉毬蘭
舟-100,琉球八仙
舟-101,瓶子草
舟-102,疣柄魔芋
舟-103,石仙桃
舟-104,磯松錦
舟-105,美花隔距蘭
舟-106,翠華捲瓣蘭
舟-107,虎紋隔距蘭
舟-108,裂唇軟葉蘭
舟-109,金草蘭
舟-110,鈎狀石斛
舟-111,鈴木氏油點草
舟-112,雪花蘆薈
舟-114,魔盤
舟-115,冷水花
舟-116,凹唇軟葉蘭
舟-117,割雞芒
舟-118,叉葉毛氈苔
舟-119,墨西哥拖鞋蘭
舟-12,台灣一葉蘭
舟-120,墨西哥拖鞋蘭
舟-121,孔斯鹿角蘭
舟-122,山芫荽
舟-123,巴拿馬草
舟-124,斑萼卡特蘭
舟-126,早田氏鼠尾草
舟-128,樟葉木防巳
舟-13,台灣一葉蘭
舟-130,烏來柯麗白蘭
舟-131,矮摺唇蘭
舟-132,石吊蘭
舟-133,紫紋捲瓣蘭
舟-134,路野氏馬蘭
舟-135,邊沁氏盾座苣苔
舟-137,銀線蓮
舟-138,銀葉魔芋
舟-139,銀葉魔芋
舟-14,台灣胡麻花
舟-140,黃松蘭
舟-141,黃花莕菜
舟-143,倒吊蓮
舟-144,台灣石吊蘭
舟-145,大腳筒蘭
舟-146,宿苞石仙桃
舟-147,小葉寄樹蘭
舟-148,小蝙蝠花
舟-149,暗紅舞花薑
舟-15,圓葉椒草
舟-150,棉德島固唇蘭
舟-151,滇越金線蘭
舟-152,烏來閉口蘭
舟-153,焦蘭
舟-154,白變龍爪蘭
舟-155,綠花隔距蘭
舟-156,艷紅鹿子百合
舟-158,裂唇小柱蘭
舟-159,長葉竹節蘭
舟-16,塔塔加繡線菊
舟-161,鳳蘭
舟-162,黃穗蘭
舟-163,黃絨蘭
舟-164,黃花苞舌蘭
舟-165,台灣福王草
舟-166,桃園草
舟-167,海豚花
舟-168,直立半插花
舟-169,等翅秋海棠
舟-17,小蠟燭蘭
舟-170,吊蘭
舟-171,紅花石斛
舟-172,蓬萊油菊
舟-173,蘭嶼白及
舟-174,蟻巢玉
舟-175,北村氏鬼督郵
舟-176,北美綬草
舟-177,嘉德麗亞蘭
舟-178,大腳筒蘭
舟-179,大芋蘭
舟-18,擬毛蘭
舟-180,寬葉石松
舟-181,布比薑
舟-182,斑點草莓寄樹蘭
舟-183,櫻葉捕蟲堇
舟-184,淡綠羊耳蒜
舟-185,秋石斛
舟-187,翡翠閣
舟-188,纖細舞花薑
舟-189,角桐草
舟-19,棣慕華鳳仙花
舟-191,黑葉魔芋
舟-195,馬祖油菊
舟-196,蜘蛛抱蛋
舟-197,金平氏冬青
舟-20,橙花秋海棠
舟-21,毛緣薹草
舟-22,烏來石山桃
舟-23,硬葉兜蘭
舟-24,艾瑟氏捕蟲堇
舟-25,萬年青
舟-26,藤枝秋海棠
舟-27,黃唇蘭
舟-28,黃根節蘭
舟-29,黑峰秋海棠
舟-30,齒唇莪白蘭
舟-31,台灣及己
舟-32,喜花草
舟-33,大葉絨蘭
舟-34,寬葉線柱蘭
舟-35,寶石匙唇蘭
舟-36,帶唇蘭
舟-37,燕石斛
舟-38,粗莖毛蘭
舟-39,綠花安蘭
舟-40,羞花蘭
舟-41,茄苳
舟-42,香港毛蘭
舟-43,馬達加斯加風蘭
舟-44,鶴頂蘭
舟-45,齒唇羊耳蒜
舟-46,加勒比海盜秋海棠
舟-47,大花羊耳蒜
舟-48,大苞秋海棠
舟-49,寶島羊耳蒜
舟-50,對面花
舟-52,毛筆天南星
舟-53,澤珍珠菜
舟-54,牛耳朵
舟-55,玉山櫻草
舟-56,琉璃殿
舟-57,琴葉毬蘭
舟-58,白石斛蘭
舟-59,白金羽花
舟-60,盧卡毬蘭
舟-61,短穗毛舌蘭
舟-63,粉珍珠毬蘭
舟-64,紫苞舌蘭
舟-65,細葉油點百合
舟-66,觀果鳳梨
舟-67,貓爪藤
舟-68,雄胞囊草
舟-69,鳳尾蘭
舟-70,卷萼兜蘭
舟-71,台灣嗩吶草
舟-72,台灣崖爬藤
舟-73,台灣撬釵蘭
舟-74,台灣白及
舟-75,天宮石斛蘭
舟-76,心葉毬蘭
舟-77,拐棗
舟-78,捕蠅草
舟-79,檀香石斛白變種
舟-80,毛萼毬蘭
舟-81,猴尾柱
舟-82,白點蘭
舟-83,紅蟬豆蘭
舟-84,紫毛兜蘭
舟-85,裡菫紫金牛
舟-87,豬籠草
舟-88,銀脈爵床
舟-89,銀葉裂瓣毬蘭
舟-90,風蘭
舟-91,鴿石斛
舟-92,黃花三七草
舟-93,黃花鳳仙花
舟-94,俄氏草
舟-95,兜蘭
舟-96,大吳風草
舟-97,小葉深山野牡丹
舟-98,幹花爵床
舟-99,狹葉七葉一枝花
舟右-01,台灣土沉香
舟右-02,垂花水塔花
舟右-03,多花野牡丹藤
舟右-04,奧蘭多蜻蜓鳳梨
舟右-05,梵天花
舟右-06,玉唇花
舟右-07,紅背桂
舟右-08,蒂牡花
舟右-09,野棉花
舟右-10,金毛杜鵑
舟右-11,長穗鐵莧
舟右-12,霞山大戟
舟右-13,馬醉草
舟右-14,魚腥草
舟右-15,鼠尾草
舟右-16,勳章菊
舟右-17,小蜜蜂
舟右-18,彩色海芋
舟右-19,波斯紅草
舟右-20,清水山小檗
舟右-21,美女櫻
舟右-22,跳舞女郎
舟右-23,長壽花
舟右-24,麗格秋海棠
舟右-25,台灣香檬
舟右-26,楓葉秋海棠
舟右-27,權杖皮氏鳳梨
舟右-28,重瓣麻球
舟右-29,雙面刺
舟右-30,大金雞菊
舟右-31,小花木槿
舟右-32,檸檬百里香
舟右-33,法國薰衣草
舟右-34,洋蓍草
舟右-35,皇冠龍舌蘭
舟右-36,紅芽石楠
舟右-37,紫黃
舟右-38,羽毛樹豆
舟右-39,蜀葵
舟右-40,過山香
舟右-41,達爾馬提亞風鈴草
舟右-42,金塔朱槿
舟右-43,金粟蘭
舟右-44,九芎
舟右-45,刺杜密
舟右-46,大花黃槐
舟右-47,彎花醉魚木
舟右-48,港口馬兜鈴
舟右-49,瓦氏秋海棠
舟右-50,福木
舟右-51,紅仔珠
舟右-52,蘭嶼胡椒
舟右-53,錫蘭葉下珠
舟右-54,降真香
舟右-55,雞爪樹
舟右-56,台灣赤楠
舟右-57,大胡枝子
舟右-58,紅燒賣毬蘭
舟右-59,山胡枝子
舟右-60,恆春薯蕷
舟右-61,烏柑仔
舟右-62,搭肉刺
舟右-63,燈豎朽
舟右-64,燈豎朽
舟右-65,朱槿
舟右-66,台灣香檬
舟右-67,蘭嶼胡桐
舟右-68,厚葉石斑木
舟右-69,天料木
舟右-70,笑靨花
舟右-71,台灣馬兜鈴
舟右-72,都蘭山金石榴
舟右-73,菊花木
舟左-01,兔尾草
舟左-02,凹葉柃木
舟左-03,宮粉仙丹
舟左-04,新竹油菊
舟左-05,日本山茶
舟左-07,易生木
舟左-08,炮竹紅
舟左-09,磯菊
舟左-10,腺葯豇豆
舟左-11,茶梅
舟左-12,葦草蘭
舟左-13,金新木薑子
舟左-14,青心柑仔
舟左-15,九重葛
舟左-16,南嶺蕘花
舟左-17,寶島玉葉金花
舟左-18,小茄
舟左-19,尾葉山茶
舟左-20,河王八
舟左-21,滿福木
舟左-22,炮仗花
舟左-23,線柱蘭
舟左-24,頭花香苦草
舟左-25,假地豆
舟左-26,台灣鉤藤
舟左-27,委陵菜
舟左-28,威氏鐵莧
舟左-29,小朱蕉
舟左-30,小葉葡萄
舟左-31,島田氏雞兒腸
舟左-32,彎喙薹
舟左-33,番茉莉
舟左-34,盆距蘭
舟左-35,立鶴花
舟左-36,羅山腹水草
舟左-37,茄苳
舟左-38,茅毛珍珠菜
舟左-39,菁芳草
舟左-40,阿里山油菊
舟左-41,斑葉六月雪
舟左-43,白花竹葉蘭
舟左-44,節毛鼠尾草
舟左-45,華紫金牛
舟左-46,藍星花
舟左-47,輪葉紫金牛
舟左-48,阿拉比卡咖啡
舟左-49,韓氏鼠尾粟
舟左-50,鴨兒芹
舟左-51,三角葉西番蓮
舟左-52,小葉黃鱔藤
舟左-53,小葉黃鱔藤
舟左-54,山油柑
舟左-55,稜軸土人參
舟左-56,歐洲忍冬
舟左-57,毬蘭
舟左-58,清水山石竹
舟左-59,清水山Ｘ巴陵石竹
舟左-60,皮孫木
舟左-61,蝴蝶蘭
舟左-62,雞兒腸
舟左-63,馬甲子
舟左-64,馬鞍藤
舟左-65,高氏柴胡
舟左-66,火花離根香
舟左-67,細莖石斛
舟左-68,陰行草
舟左-69,台灣地榆
舟左-70,竹節蓼
舟左-72,五蕊油柑
舟左-73,假紫斑大戟
舟左-74,毛脈三葉五加
舟左-75,牡蒿
舟左-76,田代氏鐵線蓮
舟左-77,稜軸土人參
舟左-78,米碎柃木
舟左-79,雞屎藤
舟左-80,台灣火刺木
舟左-81,小葉厚殼樹
舟左-82,蘄艾
舟左-83,油菊
舟左-84,茅毛珍珠菜
舟左-85,卡鄧伯木
舟左-86,日本山茶
舟左-87,鶴頂蘭
舟後-01,交趾衛矛
舟後-02,兔兒菜
舟後-03,全緣葉冬青
舟後-04,可可樹
舟後-05,天使薔薇
舟後-06,小仙丹花
舟後-07,小花寬葉馬偕花
舟後-08,帝皇烏藍
舟後-09,掌葉蘋婆
舟後-10,海桐
舟後-100,辣椒
舟後-101,芒果
舟後-102,麥門冬
舟後-103,拐棗
舟後-104,阿薩姆茶
舟後-11,神秘果
舟後-12,粗毛小米菊
舟後-13,蘭嶼柿
舟後-14,豆梨
舟後-15,阿薩姆茶
舟後-16,類雛菊飛蓬
舟後-17,鵝鑾鼻燈籠草
舟後-18,光葉鴨舌癀舅
舟後-19,台灣三角楓
舟後-20,橘柑
舟後-21,淡綠葉衛矛
舟後-22,牙買加薄荷
舟後-23,白鶴靈芝
舟後-24,紫紅蕉
舟後-25,芒果
舟後-26,風鈴木
舟後-27,鵝兒腸
舟後-28,台灣海桐
舟後-29,墨水樹
舟後-30,日本莢蒾
舟後-31,日本莢蒾
舟後-32,木棉
舟後-33,柳葉馬鞭草
舟後-34,槍刀菜
舟後-35,武威山烏皮茶
舟後-36,流蘇
舟後-37,漆姑草
舟後-38,齒葉矮冷水麻
舟後-39,紫藤
舟後-40,美羅勒
舟後-41,苦滇菜
舟後-42,菱葉衛矛
舟後-43,銅錢草
舟後-44,阿里山五味子
舟後-45,黃皮
舟後-46,克氏半邊蓮
舟後-47,台灣佛甲草
舟後-48,哈瓦那辣椒
舟後-49,大花赤楠
舟後-50,帝皇烏藍
舟後-51,月橘
舟後-52,木蠟樹
舟後-53,桃金孃
舟後-54,毛蟲婆婆納
舟後-56,益母草
舟後-57,腺花桑葉麻
舟後-58,西洋接骨木
舟後-59,青剛櫟
舟後-60,鵝鑾鼻決明
舟後-61,鵝鑾鼻野百合
舟後-62,假蒟
舟後-63,圓錐花遠志
舟後-64,水石榕
舟後-65,蘇氏鷗蔓
舟後-66,蘭嶼蘋婆
舟後-67,蛋樹
舟後-68,裂葉昭和草
舟後-69,象牙柿
舟後-70,長柄菊
舟後-72,香茅
舟後-73,高士佛赤楠
舟後-74,克里奧羅可可樹
舟後-75,南洋含笑
舟後-76,山檳榔
舟後-77,斑葉桔梗蘭
舟後-78,海葡萄
舟後-79,變葉藜
舟後-80,馬尼拉麻蕉
舟後-81,麥門冬
舟後-82,黃金百香果
舟後-83,松田氏南五味子
舟後-84,可可樹
舟後-85,松田氏南五味子
舟後-86,梧桐
舟後-87,槭葉牽牛
舟後-88,空氣鳳梨
舟後-89,葛瑪蘭芭蕉
舟後-90,蘭嶼土沉香
舟後-91,降香黃檀
舟後-92,台灣木藍
舟後-93,台灣糯米條
舟後-94,旅人蕉
舟後-95,火龍果
舟後-96,翼豆
舟後-97,鵝鑾鼻蔓榕
舟後-98,圓葉煉莢豆
舟後-99,葛瑪蘭芭蕉
茜-01,九節木
茜-02,圓葉雞屎樹
茜-03,琉球黃楊
茜-04,蔓性野牡丹
茜-05,變葉木
茜-06,雀舌黃楊
茜-07,清水氏雞屎樹
茜-08,野牡丹
茜-09,台灣大戟
茜-10,大葉溲疏
茜-11,大葉玉葉金花
茜-12,水錦樹
茜-13,玉葉金花
茜-14,珊瑚塔
茜-15,瑪瑙珠
茜-16,紅珊瑚花
茜-17,阿里山女貞
茜-18,麝香木
茜-19,麥氏野扁豆
茜-20,假橡膠木
茜-21,大果玉心花
茜-22,澎湖決明
茜-23,菲律賓紫檀
茜-24,雞屎樹
茜-25,鷗蔓
茜-26,黃仙丹花
茜-27,檄樹
茜-28,海檬果
茜-29,紅玉葉金花
茜-30,茜木
茜-31,薄葉玉心花
茜-32,六月雪
茜-33,卡鄧伯木
茜-34,大王仙丹
茜-35,欖仁舅
茜-36,白鶴蘭
茜-37,粉葉金花
茜-38,毛菍
茜-41,鯽魚膽
茜-42,鵝鑾鼻蔓榕
茜-43,排錢樹
茜-44,屏東朝顏
茜-45,細葉黃楊
茜-46,六角英
茜-47,赤苞花
茜-48,九芎
茜-49,假橡膠木
茜-50,鈴木草
茜-51,鷗蔓
茜-52,羊蹄甲
茜-53,香鈴梔
茜-54,掌葉萼龍藤
荷-01,一枝香
荷-02,台灣山菊
荷-03,台灣金絲桃
荷-04,向天盞
荷-05,山菊
荷-06,木芙蓉
荷-07,朱槿
荷-08,桂葉黃梅
荷-09,楓香
荷-10,沼生金鈕釦
荷-101,火筒樹
荷-102,細葉麥門冬
荷-103,輪葉孿生花
荷-104,披針葉饅頭果
荷-105,鴨舌草
荷-106,大萍
荷-107,心葉母草
荷-108,滿江紅
荷-109,澳洲鴨腳木
荷-11,泥花草
荷-110,白肋朱頂紅
荷-111,藿香薊
荷-113,貓腥草
荷-114,金花石蒜
荷-115,土人參
荷-117,擬紫蘇草
荷-118,粗毛饑荒草
荷-12,焊菜
荷-120,南美朱槿
荷-121,小穀精草
荷-122,槐葉蘋
荷-123,朴樹
荷-124,布袋蓮
荷-125,柿葉茶茱萸
荷-126,射干
荷-127,杜鵑花
荷-128,羊蹄甲
荷-129,麵包樹
荷-13,爵床
荷-14,粉苞素馨
荷-15,紫花酢漿草
荷-16,絲葉狸藻
荷-17,金腰箭舅
荷-18,金銀花
荷-19,鐵冬青
荷-20,光臘樹
荷-21,圓葉節節菜
荷-23,杜鵑花
荷-24,枯里珍
荷-25,紅膠木
荷-26,細葉百合竹
荷-27,蜘蛛抱蛋
荷-28,藍花藤（錫葉藤）
荷-29,雲南黃馨
荷-30,青龍鳶尾
荷-31,龍葵
荷-32,南澳杜鵑
荷-33,塊莖小野芝麻
荷-34,射干
荷-35,日本女貞
荷-36,水竹芋
荷-38,圓葉節節菜
荷-39,田代氏石斑木
荷-40,白樹仔
荷-41,睡蓮
荷-42,矮水竹葉
荷-43,紅果金粟蘭
荷-44,紫背草
荷-45,船子草
荷-46,船子草
荷-47,荷花
荷-48,蔓花生
荷-49,藍花藤（錫葉藤）
荷-50,蘭嶼秋海棠
荷-51,裂瓣朱槿
荷-52,阿里山燈心草
荷-54,龍舌蘭
荷-55,龍船花
荷-56,小葉藜
荷-57,巴西鳶尾
荷-58,庭菖蒲
荷-59,廣東薔薇
荷-60,披針葉饅頭果
荷-61,接骨木
荷-62,梭魚草
荷-63,楓楊
荷-64,樹蘭
荷-65,武竹
荷-66,火炭母草
荷-67,窄葉澤瀉
荷-68,紫蘇草
荷-69,茉莉花
荷-70,蘭嶼紫金牛
荷-72,黃槿
荷-73,使君子
荷-74,光冠水菊
荷-75,凌霄花
荷-76,南洋杉
荷-77,台灣糯米條
荷-78,地筍
荷-79,大高良薑
荷-80,布袋蓮
荷-81,拔蕉
荷-82,斑點薹
荷-83,木槿
荷-84,火球花
荷-85,端紅鳳梨
荷-86,肯氏蒲桃
荷-87,葉氏坡油甘
荷-88,蘭嶼肉豆蔻
荷-89,蘭花美人蕉
荷-90,野薑花
荷-91,錐頭麻
荷-92,雙花金絲桃
荷-93,馬達加斯加巨水芋
荷-94,黃果垂榕
荷-95,點頭飄拂草
荷-96,垂花水竹芋
荷-97,寶塔龍船花
荷-98,斑葉沿階草
荷-99,水翁
蕨-01,台灣野牡丹藤
蕨-02,油點木
蕨-03,珊瑚樹
蕨-04,長筒莢迷
蕨-05,台灣山桂花
蕨-06,番仔林投
蕨-07,白頭天胡荽
蕨-08,羊蹄甲
蕨-09,地耳草
蕨-10,構樹
蕨-11,珠芽狗脊蕨
蕨-12,石斛蘭
蕨-13,紫珠
蕨-14,大葉春不老
蕨-15,山菜豆
蕨-17,粗齒革葉紫萁
蕨-18,蟠龍石斛蘭
蕨-19,蟠龍石斛蘭
蕨-20,豬毛草
蕨-21,豹紋蘭
蕨-22,錫蘭饅頭果
蕨-23,風藤
蕨-24,黃花夾竹桃
蕨-25,天料木
蕨-27,旱田草
蕨-28,涼喉茶
蕨-29,芒萁
蕨-30,菲律賓火筒樹
蕨-31,連珠蕨
蕨-33,坪林秋海棠
蕨-34,大對葉榕
蕨-38,石栗
蕨-44,田字草
蕨-46,針房藤
蕨-47,白斑水鴨腳
蕨-49,水蕨
蕨-51,白花蛇舌草
蕨-52,鹵蕨
蕨-53,鹿角蕨
蕨-54,尖葉鹵蕨
蕨-55,蘇鐵蕨
蕨-77,麵包樹
蕨-78,錫蘭饅頭果
蕨-79,燈稱花
蕨-80,山菜豆
蕨-81,叢立孔雀椰子
薑-01,火焰木
薑-02,高良薑
薑-03,刺孔雀椰子
薑-04,茶匙癀
薑-05,車前草
薑-06,叢立孔雀椰子
薑-07,台灣月桃
薑-08,宜蘭月桃
薑-09,屈尺月桃
薑-10,斑葉豹紋竹芋
薑-100,兩耳草
薑-101,水藤
薑-102,箭羽竹芋
薑-103,綠葉朱蕉
薑-104,橢圓葉月桃
薑-105,葛鬱金
薑-11,檸檬薑
薑-12,烏來月桃
薑-13,粉紅閉鞘薑
薑-14,紅焰蕉
薑-15,綠山閉鞘薑
薑-16,鈴木草
薑-17,阿斯普倫閉鞘薑
薑-18,雪佛里椰子
薑-19,南投月桃
薑-20,呂宋月桃
薑-21,土田七
薑-22,大苞閉鞘薑
薑-23,屯鹿月桃
薑-24,山月桃
薑-25,島田氏月桃
薑-26,擬顎唇蘭花蕉
薑-27,普吉之吻閉鞘薑
薑-28,普萊氏月桃
薑-29,梭型齒絲薑
薑-30,橢圓葉月桃
薑-31,歐氏月桃
薑-32,海南三七
薑-33,火炬薑
薑-34,火紅赫蕉
薑-35,紅花月桃
薑-36,莪朮
薑-37,角板山月桃
薑-38,距花山薑
薑-39,路易斯安那鳶尾
薑-40,銀脈鳳尾蕨
薑-41,銀葉樹
薑-42,阿里山月桃
薑-43,非洲閉鞘薑
薑-44,塔蓬貝克閉鞘薑
薑-45,塔蓬貝克閉鞘薑
薑-46,大葉孔雀薑
薑-47,孔雀薑
薑-48,富紅赫蕉
薑-49,寶塔薑
薑-50,川上氏月桃
薑-51,彩繪閉鞘薑
薑-52,彩虹鳥蕉
薑-53,恆春月桃
薑-54,早花百子蓮
薑-55,暹羅月桃
薑-56,狹葉薑
薑-57,白薑黃
薑-58,早花百子蓮
薑-59,砂仁
薑-60,紫背竹芋
薑-61,蠟薑
薑-62,蘭嶼竹芋
薑-63,銀紋薑
薑-64,長尾鸚鵡赫蕉
薑-65,黃蔥蘭
薑-66,黑孔雀薑
薑-67,凹唇薑
薑-68,沙薑
薑-69,大葉孔雀薑
薑-70,白玉竹芋
薑-71,紅薑花
薑-72,紅閉鞘薑
薑-73,紫苞舞薑
薑-74,絹毛鳶尾
薑-75,纖細舞花薑
薑-76,蔥蘭
薑-77,薑荷花
薑-78,蜂巢薑
薑-79,蠟薑
薑-80,阿娜赫蕉
薑-81,雙翅舞花薑
薑-82,馬來良薑
薑-83,黃扇赫蕉
薑-84,龍鱗櫚
薑-85,斑葉閉鞘薑
薑-86,球薑
薑-87,風雨蘭
薑-88,垂花藍薑
薑-89,薑黃
薑-90,馬氏射葉椰子
薑-91,少葉薑
薑-92,翼莖水丁香
薑-93,食用肖竹芋
薑-94,公主椰子
薑-95,斑葉葛鬱金
薑-96,熱帶赫蕉
薑-97,蘭嶼法氏薑
薑-98,熱帶赫蕉
薑-99,酒瓶椰子
蜜-01,刺五加
蜜-02,南越馬兜鈴
蜜-03,厚皮香
蜜-04,大果胡頹子
蜜-05,日本衛矛
蜜-06,瓜葉馬兜鈴
蜜-07,異葉馬兜鈴
蜜-08,笑靨花
蜜-10,細纍子草
蜜-11,虎葛
蜜-12,雨傘仔
蜜-13,黃楊
蜜-14,密花苧麻
蜜-15,小桑樹
蜜-16,李花
蜜-17,澤假藿香薊
蜜-18,煙斗馬兜鈴
蜜-19,阿拉伯婆婆納
蜜-20,龍骨瓣莕菜
蜜-21,單子蒲桃
蜜-22,垂筒草
蜜-23,洋紅風鈴木
蜜-24,三儉草
蜜-25,台灣百合
蜜-26,咖哩樹
蜜-27,大莞草
蜜-28,安石榴
蜜-29,小金櫻
蜜-30,琉球野薔薇
蜜-31,白苦柱
蜜-32,羊蹄
蜜-34,六眼西番蓮
蜜-35,半果樹
蜜-36,巨花馬兜鈴
蜜-37,木胡瓜
蜜-38,森氏紅淡比
蜜-39,琉球野薔薇
蜜-40,福木
蜜-41,華他卡藤
蜜-42,高士佛澤蘭
蜜-43,文殊蘭
蜜-44,瓊崖海棠
蜜-45,蝙蝠葉西番蓮
蜜-46,鵝鑾鼻鐵線蓮
蜜-47,平伏莖白花菜
蜜-48,小葉桑
蜜-49,散穗弓果黍
蜜-50,龍骨瓣莕菜
蜜-51,三葉五加
蜜-52,白雪木
蜜-53,馬蜂橙
野-01,巴陵石竹
野-02,恆春楨楠
野-03,斑葉日本衛矛
野-04,紅果金粟蘭
野-05,蘭嶼溲疏
野-06,基隆筷子芥
野-07,胡椒木
野-08,一枝黃花
野-09,列當
野-10,密花黃菫
野-11,小毛茛
野-12,小燈籠花
野-13,早田氏爵床
野-14,毛茛
野-15,番杏
野-16,矮筋骨草
野-17,細葉蘭花參
野-18,翠蘆莉
野-19,脈耳草
野-20,點地梅
野-21,冇骨消
野-22,刺葉黃褥花
野-23,刺葉黃褥花
野-24,小花倒提壺
野-25,毛將軍
野-26,毛胡枝子
野-27,百金
野-28,粗莖麝香百合
野-29,元寶草
野-30,南台灣黃芩
野-31,天人菊
野-32,布列氏黃芩
野-33,日本前胡
野-34,百金花
野-35,錦葉遍地金
野-36,陀螺紫菀
野-37,雙花蟛蜞菊
野-38,風輪菜
野-39,山葡萄
野-40,長萼野百合
野-41,囊穎草
野-42,土丁桂
野-43,基隆蠅子草
野-44,白花草
野-45,茵陳蒿
野-46,印尼珍珠茅
野-47,華薊
野-48,守宮木
野-49,掃帚菊
野-50,睫穗蓼
野-51,垂果黃榕
野-52,細枝水合歡
野-53,魯花樹
雙-01,大葉山楝
雙-02,山刺番荔枝
雙-03,山櫻花
雙-04,山黃梔
雙-05,梅花
雙-06,椬梧
雙-07,火棘
雙-08,烏來杜鵑
雙-09,石斑木
雙-10,象耳榕
雙-11,鄧氏胡頹子
雙-12,麥李
雙-13,印度鳳果
雙-14,單核星蘋果
雙-15,海南紅豆
雙-16,裡白巴豆
雙-17,魯花樹
雙-18,中國無憂樹
雙-19,大風子
雙-20,密梭倫榕
雙-21,槲樹
雙-22,樟樹
雙-23,波羅密
雙-24,澳洲胡桃
雙-25,無憂樹
雙-26,竹柏
雙-27,長梗紫麻
雙-28,黃土樹
雙-29,黑星櫻
雙-30,冰淇淋豆
雙-31,刺軸櫚
雙-32,印度榆
雙-33,厚葉石斑木
雙-34,台灣石楠
雙-35,島榕
雙-36,柿葉茶茱萸
雙-37,稜果榕
雙-38,金平氏冬青
雙-39,鷹爪花
雙-40,麵包樹
雙-41,台東龍眼
雙-42,圓滑番荔枝
雙-43,大葉桃花心木
雙-44,小實孔雀豆
雙-45,春不老
雙-46,澳洲大葉榕
雙-47,福木
雙-48,裡白巴豆
雙-49,扇椰子
雙-50,朝鮮紫珠
雙-51,鈍葉緬梔
雙-52,台東漆
雙-53,錫蘭橄欖
雙-54,喜樹
雙-55,子彈石櫟
雙-56,子彈石櫟
雙-57,小實孔雀豆
雙-58,後大埔石櫟
雙-59,郁李
雙-60,狹葉十大功勞
雙-61,白花細葉紫珠
雙-62,翼莖闊苞菊
雙-63,黃金露花
雙-66,牛膝
雙-67,洋紫荊
雙-68,浸水營石櫟
雙-69,榔榆
雙-70,燈稱花
雙-71,菩提樹
雙-72,孟加拉榕
雙-73,孟加拉榕
雙-74,菩提樹
