花名,日期,區域,檔名,部位,緯度,經度
細枝水合歡,2026-09-21,荷花池邊角落野花園,IMG_8633.jpg,花,,
細枝水合歡,2026-09-21,荷花池邊角落野花園,IMG_8634.jpg,植株,,
細枝水合歡,2026-09-21,荷花池邊角落野花園,IMG_8635.jpg,花,,
細枝水合歡,2026-09-21,荷花池邊角落野花園,IMG_8636.jpg,花,,
基隆紫堇,2025-03-16,台灣地名植物館,IMG_1339.jpg,花,,
基隆紫堇,2025-03-16,台灣地名植物館,IMG_1340.jpg,植株,,
基隆紫堇,2025-03-16,台灣地名植物館,IMG_1341.jpg,花,,
基隆紫堇,2025-03-19,台灣地名植物館,IMG_1425.jpg,花,,
假酸漿,2026-09-24,民族植物區,IMG_8746.jpg,植株,,
柳條省藤,2026-09-24,民族植物區,IMG_8748.jpg,植株,,
山胡椒,2026-09-24,民族植物區,IMG_8750.jpg,植株,,
白背芒,2026-09-24,民族植物區,IMG_8751.jpg,植株,,
印度鞭藤,2026-09-24,民族植物區,IMG_8752.jpg,植株,,
直毛假地豆,2026-09-24,竹區野花園,IMG_8754.jpg,植株,,
直毛假地豆,2026-09-24,竹區野花園,IMG_8757.jpg,花,,
佛萊明豆,2026-09-24,竹區野花園,IMG_8759.jpg,植株,,
台灣萍蓬草,2026-09-24,水生植物區,IMG_8761.jpg,植株,,
大花皇冠草,2026-09-24,水生植物區,IMG_8763.jpg,植株,,
披針葉慈姑,2026-09-24,水生植物區,IMG_8764.jpg,植株,,
囊稃竹,2026-09-24,民族植物區,IMG_8767.jpg,植株,,
克里奧羅可可樹,2026-09-21,方舟溫室後方,IMG_8690.jpg,果,,
小石積,2026-09-24,台灣原生植物區,IMG_8769.jpg,植株,,
新竹腹水草,2026-09-24,台灣原生植物區,IMG_8771.jpg,植株,,
排香草,2026-09-24,台灣原生植物區,IMG_8773.jpg,植株,,
琉球黃楊,2026-09-24,茜草科區,IMG_8774.jpg,植株,,
台灣刺蕊草,2026-09-24,台灣原生植物區,IMG_8775.jpg,植株,,
蘭嶼小鞘蕊花,2026-09-24,台灣原生植物區,IMG_8776.jpg,植株,,
台灣瑞木,2026-09-24,台灣原生植物區,IMG_8777.jpg,植株,,
基隆扁葉芋,2026-09-24,台灣原生植物區,IMG_8778.jpg,植株,,
短莖薩巴爾櫚,2026-09-24,棕櫚區,IMG_8779.jpg,植株,,
大葉釣樟,2026-09-24,棕櫚區,IMG_8781.jpg,植株,,
冬紅花,2026-09-24,棕櫚區,IMG_8782.jpg,植株,,
六角英,2026-09-24,茜草科區,IMG_8785.jpg,植株,,
麥氏野扁豆,2026-09-24,茜草科區,IMG_8786.jpg,植株,,
屏東朝顏,2026-09-24,茜草科區,IMG_8787.jpg,植株,,
鯽魚膽,2026-09-24,茜草科區,IMG_8788.jpg,植株,,
大葉玉葉金花,2026-09-24,茜草科區,IMG_8789.jpg,植株,,
血萼花,2026-09-24,茜草科區,IMG_8790.jpg,植株,,
檄樹,2026-09-24,茜草科區,IMG_8792.jpg,植株,,
大果玉心花,2026-09-24,茜草科區,IMG_8793.jpg,植株,,
紅珊瑚花,2026-09-24,茜草科區,IMG_8796.jpg,植株,,
圓葉雞屎樹,2026-09-24,茜草科區,IMG_8797.jpg,植株,,
假橡膠木,2026-09-24,茜草科區,IMG_8798.jpg,植株,,
大王仙丹,2026-09-24,茜草科區,IMG_8799.jpg,植株,,
狹葉十大功勞,2026-09-24,雙子葉植物區,IMG_8800.jpg,植株,,
稜果榕,2026-09-24,雙子葉植物區,IMG_8801.jpg,植株,,
錫蘭橄欖,2026-09-24,雙子葉植物區,IMG_8802.jpg,植株,,
無憂樹,2026-09-24,雙子葉植物區,IMG_8803.jpg,植株,,
中國無憂樹,2026-09-24,雙子葉植物區,IMG_8804.jpg,植株,,
船子草,2026-09-24,荷花池,IMG_8805.jpg,植株,,
田代氏石斑木,2026-09-24,荷花池,IMG_8806.jpg,植株,,
楓楊,2026-09-24,荷花池,IMG_8808.jpg,植株,,
蘭嶼溲疏,2026-09-24,荷花池邊角落野花園,IMG_8809.jpg,植株,,
刺葉黃褥花,2026-09-24,荷花池邊角落野花園,IMG_8810.jpg,植株,,
水柳,2026-09-24,多肉植物區,IMG_8811.jpg,植株,,
黃果垂榕,2026-09-24,荷花池,IMG_8812.jpg,植株,,
木槿,2026-09-24,荷花池,IMG_8813.jpg,植株,,
水翁,2026-09-24,荷花池,IMG_8816.jpg,植株,,
蘭嶼紫金牛,2026-09-24,荷花池,IMG_8817.jpg,植株,,
接骨木,2026-09-24,荷花池,IMG_8818.jpg,植株,,
錐頭麻,2026-09-24,荷花池,IMG_8819.jpg,植株,,
桂葉黃梅,2026-09-24,荷花池,IMG_8820.jpg,植株,,
烏來杜鵑,2026-09-24,雙子葉植物區,IMG_8821.jpg,植株,,
蘭嶼肉豆蔻,2026-09-24,荷花池,IMG_8822.jpg,植株,,
朝鮮紫珠,2026-09-24,雙子葉植物區,IMG_8823.jpg,植株,,
火棘,2026-09-24,雙子葉植物區,IMG_8824.jpg,植株,,
梅花,2026-09-24,雙子葉植物區,IMG_8825.jpg,植株,,
蝙蝠花,2026-09-24,天南星科區,IMG_8826.jpg,植株,,
雉尾花燭,2026-09-24,天南星科區,IMG_8827.jpg,植株,,
大風子,2026-09-24,雙子葉植物區,IMG_8828.jpg,植株,,
蔓性野牡丹,2026-09-24,茜草科區,IMG_8830.jpg,植株,,
雀舌黃楊,2026-09-24,茜草科區,IMG_8832.jpg,植株,,
毛菍,2026-09-24,茜草科區,IMG_8833.jpg,植株,,
阿里山女貞,2026-09-24,茜草科區,IMG_8834.jpg,植株,,
海檬果,2026-09-24,茜草科區,IMG_8835.jpg,植株,,
台灣山茶,2026-09-24,台灣地名植物館,IMG_8837.jpg,植株,,
阿薩姆茶,2026-09-24,方舟溫室後方,IMG_8838.jpg,植株,,
恆春山茶,2026-09-24,台灣地名植物館,IMG_8839.jpg,植株,,
日本山茶,2026-09-24,方舟溫室左前方,IMG_8840.jpg,植株,,
藝妓咖啡,2026-09-24,台灣地名植物館,IMG_8841.jpg,植株,,
蔓苦蕒,2026-09-24,台灣地名植物館,IMG_8842.jpg,植株,,
鼠刺,2026-09-24,十二生肖區,IMG_8843.jpg,植株,,
老虎心,2026-09-24,十二生肖區,IMG_8844.jpg,植株,,
四葉蘿芙木,2026-09-24,十二生肖區,IMG_8845.jpg,植株,,
盤龍木,2026-09-24,十二生肖區,IMG_8846.jpg,植株,,
雞冠刺桐,2026-09-24,十二生肖區,IMG_8847.jpg,植株,,
雞母珠,2026-09-24,十二生肖區,IMG_8848.jpg,植株,,
大葉穀精草,2026-09-24,多肉植物區,IMG_8849.jpg,植株,,
水丁香,2026-09-24,多肉植物區,IMG_8850.jpg,植株,,
垂柳,2026-09-24,多肉植物區,IMG_8851.jpg,植株,,
大葉田香草,2026-09-24,多肉植物區,IMG_8852.jpg,植株,,
毛女貞,2026-09-24,多肉植物區,IMG_8853.jpg,植株,,
天料木,2026-09-24,蕨類植物區,IMG_8854.jpg,植株,,
山菜豆,2026-09-24,蕨類植物區,IMG_8855.jpg,植株,,
雞爪樹,2026-04-09,方舟溫室右前方,IMG_9474.jpg,果,,
大果胡頹子,2025-03-02,植物與昆蟲區,IMG_9631.jpg,果,,
基隆蠅子草,2026-09-26,荷花池邊角落野花園,777548617_122230236356565172_5212426574610059748_n.jpg,花,,
基隆蠅子草,2026-09-26,荷花池邊角落野花園,777824843_122230236206565172_9014114701589091411_n.jpg,花,,
基隆蠅子草,2026-09-26,荷花池邊角落野花園,778936274_122230236500565172_8429714460790692076_n.jpg,植株,,
大葉釣樟,2026-03-07,棕櫚區,IMG_7097.jpg,花,,
大葉釣樟,2026-03-07,棕櫚區,IMG_7099.jpg,花,,
大葉釣樟,2026-03-12,棕櫚區,IMG_7336.jpg,花,,
箭羽竹芋,2026-09-24,薑區,IMG_8784.jpg,植株,,
炮竹紅,2026-09-26,方舟溫室左前方,IMG_8984.jpg,植株,,
稜軸土人參,2026-09-26,方舟溫室左前方,IMG_8994.jpg,植株,,
稜骨鞭,2026-09-26,方舟溫室及蘭房,IMG_9009.jpg,植株,,
大果胡頹子,2026-09-26,植物與昆蟲區,IMG_9020.jpg,植株,,
斑葉葛鬱金,2026-09-26,薑區,IMG_9054.jpg,植株,,
恆春月桃,2026-09-26,薑區,IMG_9057.jpg,植株,,
恆春月桃,2026-09-26,薑區,IMG_9058.jpg,果,,
恆春月桃,2026-09-26,薑區,IMG_9059.jpg,果,,
塔蓬貝克閉鞘薑,2026-09-26,薑區,IMG_9062.jpg,植株,,
砂仁,2026-09-26,薑區,IMG_9066.jpg,植株,,
少葉薑,2026-09-26,薑區,IMG_9070.jpg,植株,,
纖細舞花薑,2026-09-26,薑區,IMG_9074.jpg,植株,,
紫苞舞薑,2026-09-26,薑區,IMG_9075.jpg,植株,,
海南三七,2026-09-26,薑區,IMG_9076.jpg,植株,,
雙翅舞花薑,2026-09-26,薑區,IMG_9078.jpg,花,,
非洲閉鞘薑,2026-09-26,薑區,IMG_9079.jpg,植株,,
擬顎唇蘭花蕉,2026-09-26,薑區,IMG_9080.jpg,植株,,
凹唇薑,2026-09-26,薑區,IMG_9083.jpg,植株,,
沙薑,2026-09-26,薑區,IMG_9084.jpg,植株,,
絹毛鳶尾,2026-09-26,薑區,IMG_9085.jpg,植株,,
莪朮,2026-09-26,薑區,IMG_9087.jpg,植株,,
大苞閉鞘薑,2026-09-26,薑區,IMG_9090.jpg,植株,,
巒大雀梅藤,2025-11-29,澳洲植物區,IMG_0577.jpg,果,,
巒大雀梅藤,2025-07-01,澳洲植物區,IMG_1884.jpg,花,,
梵天花,2026-09-26,方舟溫室右前方,IMG_8915.jpg,植株,,
野棉花,2026-09-26,方舟溫室右前方,IMG_8916.jpg,植株,,
彎花醉魚木,2026-09-26,方舟溫室右前方,IMG_8917.jpg,植株,,
紅芽石楠,2026-09-26,方舟溫室右前方,IMG_8918.jpg,植株,,
重瓣麻球,2026-09-26,方舟溫室右前方,IMG_8919.jpg,植株,,
金粟蘭,2026-09-26,方舟溫室右前方,IMG_8920.jpg,植株,,
金毛杜鵑,2026-09-26,方舟溫室右前方,IMG_8921.jpg,植株,,
小葉魚藤,2026-09-26,台灣原生植物區,IMG_8922.jpg,植株,,
山胡枝子,2026-09-26,方舟溫室右前方,IMG_8923.jpg,植株,,
羽毛樹豆,2026-09-26,方舟溫室右前方,IMG_8924.jpg,植株,,
大花黃槐,2026-09-26,方舟溫室右前方,IMG_8925.jpg,植株,,
長穗鐵莧,2026-09-26,方舟溫室右前方,IMG_8926.jpg,植株,,
錫蘭葉下珠,2026-09-26,方舟溫室右前方,IMG_8927.jpg,植株,,
紅仔珠,2026-09-26,方舟溫室右前方,IMG_8928.jpg,植株,,
雞爪樹,2026-09-26,方舟溫室右前方,IMG_8929.jpg,植株,,
紅背桂,2026-09-26,方舟溫室右前方,IMG_8930.jpg,植株,,
台灣土沉香,2026-09-26,方舟溫室右前方,IMG_8931.jpg,植株,,
港口馬兜鈴,2026-09-26,方舟溫室右前方,IMG_8932.jpg,植株,,
烏柑仔,2026-09-26,方舟溫室右前方,IMG_8933.jpg,植株,,
楓葉秋海棠,2026-09-26,方舟溫室右前方,IMG_8934.jpg,植株,,
蒂牡花,2026-09-26,方舟溫室右前方,IMG_8935.jpg,植株,,
橘柑,2026-09-26,方舟溫室後方,IMG_8936.jpg,植株,,
台灣香檬,2026-09-26,方舟溫室右前方,IMG_8937.jpg,植株,,
雙面刺,2026-09-26,方舟溫室右前方,IMG_8938.jpg,植株,,
過山香,2026-09-26,方舟溫室右前方,IMG_8939.jpg,植株,,
紫黃,2026-09-26,方舟溫室右前方,IMG_8940.jpg,植株,,
鹿角蕨,2026-09-26,蕨類植物區,IMG_8941.jpg,植株,,
墨水樹,2026-09-26,方舟溫室後方,IMG_8942.jpg,植株,,
庭梅,2026-09-26,竹區野花園,IMG_8943.jpg,植株,,
蛋樹,2026-09-26,方舟溫室後方,IMG_8944.jpg,植株,,
水石榕,2026-09-26,方舟溫室後方,IMG_8945.jpg,植株,,
皇冠龍舌蘭,2026-09-26,方舟溫室右前方,IMG_8946.jpg,植株,,
蘭嶼蘋婆,2026-09-26,方舟溫室後方,IMG_8947.jpg,植株,,
海南紅豆,2026-09-26,雙子葉植物區,IMG_8948.jpg,植株,,
小仙丹花,2026-09-26,方舟溫室後方,IMG_8949.jpg,植株,,
松田氏南五味子,2026-09-26,方舟溫室後方,IMG_8950.jpg,植株,,
阿里山五味子,2026-09-26,方舟溫室後方,IMG_8951.jpg,植株,,
番木瓜,2026-09-26,植物名人園區,IMG_8952.jpg,植株,,
馬尼拉麻蕉,2026-09-26,方舟溫室後方,IMG_8953.jpg,植株,,
台灣三角楓,2026-09-26,方舟溫室後方,IMG_8955.jpg,植株,,
神秘果,2026-09-26,方舟溫室後方,IMG_8956.jpg,植株,,
麥門冬,2026-09-26,方舟溫室後方,IMG_8957.jpg,植株,,
桃金孃,2026-09-26,方舟溫室後方,IMG_8958.jpg,植株,,
木蠟樹,2026-09-26,方舟溫室後方,IMG_8959.jpg,植株,,
海葡萄,2026-09-26,方舟溫室後方,IMG_8960.jpg,植株,,
黃皮,2026-09-26,方舟溫室後方,IMG_8961.jpg,植株,,
日本莢蒾,2026-09-26,方舟溫室後方,IMG_8962.jpg,植株,,
克里奧羅可可樹,2026-09-26,方舟溫室後方,IMG_8963.jpg,植株,,
梧桐,2026-09-26,方舟溫室後方,IMG_8964.jpg,植株,,
菱葉衛矛,2026-09-26,方舟溫室後方,IMG_8965.jpg,植株,,
淡綠葉衛矛,2026-09-26,方舟溫室後方,IMG_8966.jpg,植株,,
帝皇烏藍,2026-09-26,方舟溫室後方,IMG_8967.jpg,植株,,
蘭嶼柿,2026-09-26,方舟溫室後方,IMG_8968.jpg,植株,,
全緣葉冬青,2026-09-26,方舟溫室後方,IMG_8969.jpg,植株,,
翼豆,2026-09-26,方舟溫室後方,IMG_8970.jpg,植株,,
大花赤楠,2026-09-26,方舟溫室後方,IMG_8971.jpg,植株,,
山檳榔,2026-09-26,方舟溫室後方,IMG_8972.jpg,植株,,
馬鞍藤,2026-09-26,方舟溫室左前方,IMG_8973.jpg,植株,,
旅人蕉,2026-09-26,方舟溫室後方,IMG_8974.jpg,植株,,
豆梨,2026-09-26,方舟溫室後方,IMG_8975.jpg,植株,,
茄苳,2026-09-26,方舟溫室及蘭房,IMG_8976.jpg,植株,,
島田氏雞兒腸,2026-09-26,方舟溫室左前方,IMG_8977.jpg,植株,,
輪葉紫金牛,2026-09-26,方舟溫室左前方,IMG_8978.jpg,植株,,
布袋蓮,2026-09-26,荷花池,IMG_8979.jpg,植株,,
高士佛紫金牛,2026-09-26,十二生肖區,IMG_8980.jpg,植株,,
華紫金牛,2026-09-26,方舟溫室左前方,IMG_8981.jpg,植株,,
黑星紫金牛,2026-09-26,植物名人園區,IMG_8982.jpg,植株,,
立鶴花,2026-09-26,方舟溫室左前方,IMG_8983.jpg,植株,,
易生木,2026-09-26,方舟溫室左前方,IMG_8985.jpg,植株,,
鴨兒芹,2026-09-26,方舟溫室左前方,IMG_8986.jpg,植株,,
滿福木,2026-09-26,方舟溫室左前方,IMG_8987.jpg,植株,,
寶島玉葉金花,2026-09-26,方舟溫室左前方,IMG_8988.jpg,植株,,
台灣鉤藤,2026-09-26,方舟溫室左前方,IMG_8990.jpg,花,,
毛脈三葉五加,2026-09-26,方舟溫室左前方,IMG_8992.jpg,植株,,
番茉莉,2026-09-26,方舟溫室左前方,IMG_8993.jpg,植株,,
茅毛珍珠菜,2026-09-26,方舟溫室左前方,IMG_8995.jpg,植株,,
青心柑仔,2026-09-26,方舟溫室左前方,IMG_8996.jpg,植株,,
尾葉山茶,2026-09-26,方舟溫室左前方,IMG_8997.jpg,植株,,
油菊,2026-09-26,方舟溫室左前方,IMG_8998.jpg,植株,,
南嶺蕘花,2026-09-26,方舟溫室左前方,IMG_8999.jpg,植株,,
凹葉柃木,2026-09-26,方舟溫室左前方,IMG_9000.jpg,植株,,
台灣地榆,2026-09-26,方舟溫室左前方,IMG_9001.jpg,植株,,
小茄,2026-09-26,方舟溫室左前方,IMG_9002.jpg,植株,,
假地豆,2026-09-26,方舟溫室左前方,IMG_9003.jpg,植株,,
清水山石竹,2026-09-26,方舟溫室左前方,IMG_9004.jpg,植株,,
河王八,2026-09-26,方舟溫室左前方,IMG_9005.jpg,植株,,
金新木薑子,2026-09-26,方舟溫室左前方,IMG_9006.jpg,植株,,
馬甲子,2026-09-26,方舟溫室左前方,IMG_9007.jpg,植株,,
巨花馬兜鈴,2026-09-26,植物與昆蟲區,IMG_9010.jpg,植株,,
鵝鑾鼻鐵線蓮,2026-09-26,植物與昆蟲區,IMG_9011.jpg,植株,,
華他卡藤,2026-09-26,植物與昆蟲區,IMG_9012.jpg,植株,,
單子蒲桃,2026-09-26,植物與昆蟲區,IMG_9013.jpg,植株,,
日本衛矛,2026-09-26,植物與昆蟲區,IMG_9014.jpg,植株,,
半果樹,2026-09-26,植物與昆蟲區,IMG_9015.jpg,植株,,
南越馬兜鈴,2026-09-26,植物與昆蟲區,IMG_9016.jpg,植株,,
煙斗馬兜鈴,2026-09-26,植物與昆蟲區,IMG_9017.jpg,植株,,
黃楊,2026-09-26,植物與昆蟲區,IMG_9018.jpg,植株,,
高士佛澤蘭,2026-09-26,植物與昆蟲區,IMG_9019.jpg,植株,,
咖哩樹,2026-09-26,植物與昆蟲區,IMG_9021.jpg,植株,,
木胡瓜,2026-09-26,植物與昆蟲區,IMG_9022.jpg,植株,,
拐棗,2026-09-26,方舟溫室及蘭房,IMG_9023.jpg,植株,,
洋紅風鈴木,2026-09-26,植物與昆蟲區,IMG_9024.jpg,植株,,
尖葉鹵蕨,2026-09-26,蕨類植物區,IMG_9025.jpg,植株,,
瓊崖海棠,2026-09-26,植物與昆蟲區,IMG_9027.jpg,植株,,
森氏紅淡比,2026-09-26,植物與昆蟲區,IMG_9028.jpg,植株,,
雨傘仔,2026-09-26,植物與昆蟲區,IMG_9029.jpg,植株,,
大苞偏穗花,2026-02-19,台灣原生植物區,IMG_5405.jpg,花,,
花葉蘭嶼海桐,2026-02-19,台灣原生植物區,IMG_5408.jpg,果,,
大苞偏穗花,2026-03-17,台灣原生植物區,IMG_7984.jpg,果,,
葛鬱金,2026-09-21,薑區,IMG_8626.jpg,花,,
葛鬱金,2026-09-21,薑區,IMG_8627.jpg,花,,
黃荊,2026-09-26,多肉植物區,IMG_9032.jpg,植株,,
水同木,2026-09-26,十二生肖區,IMG_9033.jpg,植株,,
欖仁,2026-09-26,十二生肖區,IMG_9034.jpg,植株,,
山豬肉,2026-09-26,十二生肖區,IMG_9035.jpg,植株,,
山豬枷,2026-09-26,十二生肖區,IMG_9036.jpg,植株,,
咬人狗,2026-09-26,十二生肖區,IMG_9037.jpg,植株,,
雞蛋花,2026-09-26,十二生肖區,IMG_9038.jpg,植株,,
羊奶埔,2026-09-26,十二生肖區,IMG_9039.jpg,植株,,
香椿,2026-09-26,十二生肖區,IMG_9040.jpg,植株,,
仙草,2026-09-26,竹區野花園,IMG_9041.jpg,植株,,
闊葉大豆,2026-09-26,台灣地名植物館,IMG_9042.jpg,植株,,
阿拉比卡咖啡,2026-09-26,方舟溫室左前方,IMG_9043.jpg,植株,,
賴比瑞亞咖啡,2026-09-26,台灣地名植物館,IMG_9044.jpg,植株,,
紅花月桃,2026-09-26,薑區,IMG_9047.jpg,植株,,
薑黃,2026-09-26,薑區,IMG_9048.jpg,植株,,
宜蘭月桃,2026-09-26,薑區,IMG_9049.jpg,植株,,
斑葉豹紋竹芋,2026-09-26,薑區,IMG_9050.jpg,植株,,
檸檬薑,2026-09-26,薑區,IMG_9051.jpg,植株,,
蘭嶼竹芋,2026-09-26,薑區,IMG_9052.jpg,植株,,
葛鬱金,2026-09-26,薑區,IMG_9053.jpg,花,,
馬來良薑,2026-09-26,薑區,IMG_9055.jpg,植株,,
島田氏月桃,2026-09-26,薑區,IMG_9061.jpg,植株,,
川上氏月桃,2026-09-26,薑區,IMG_9063.jpg,植株,,
梭型齒絲薑,2026-09-26,薑區,IMG_9064.jpg,植株,,
熱帶赫蕉,2026-09-26,薑區,IMG_9065.jpg,植株,,
高良薑,2026-09-26,薑區,IMG_9067.jpg,植株,,
宜蘭月桃,2026-09-26,薑區,IMG_9069.jpg,植株,,
紫背竹芋,2026-09-26,薑區,IMG_9073.jpg,植株,,
屯鹿月桃,2026-09-26,薑區,IMG_9077.jpg,植株,,
斑葉閉鞘薑,2026-09-26,薑區,IMG_9086.jpg,植株,,
蠟薑,2026-09-26,薑區,IMG_9088.jpg,植株,,
暹羅月桃,2026-09-26,薑區,IMG_9089.jpg,植株,,
凹葉柃木,2026-09-26,方舟溫室左前方,IMG_9094.jpg,植株,,
絲葉狸藻,2026-09-26,荷花池,IMG_9095.jpg,植株,,
鴨舌草,2026-09-26,荷花池,IMG_9096.jpg,植株,,
側柏,2026-09-26,植物名人園區,IMG_9109.jpg,植株,,
馬達加斯加巨水芋,2026-09-26,荷花池,IMG_9110.jpg,植株,,
川上氏月桃,2026-04-26,薑區,IMG_0840.jpg,花,,
蒲瓜樹,2026-09-21,佛教植物區,IMG_8661.jpg,花,,
雞屎藤,2026-09-21,方舟溫室左前方,IMG_8672.jpg,花,,
海桐,2026-09-21,方舟溫室後方,IMG_8697.jpg,果,,
叢立孔雀椰子,2026-09-22,薑區,IMG_8740.jpg,花,,
叢立孔雀椰子,2026-09-22,薑區,IMG_8741.jpg,花,,
七爪萼龍藤,2026-09-24,水生植物區,IMG_8765.jpg,植株,,
刺芋,2026-09-24,水生植物區,IMG_8766.jpg,植株,,
毛土連翹,2026-09-24,棕櫚區,IMG_8768.jpg,植株,,
花葉蘭嶼海桐,2026-09-24,台灣原生植物區,IMG_8770.jpg,植株,,
細葉蚊母樹,2026-09-24,台灣原生植物區,IMG_8772.jpg,植株,,
粉葉金花,2026-09-24,茜草科區,IMG_8791.jpg,植株,,
紅花檵木,2026-09-24,台灣地名植物館,IMG_8807.jpg,植株,,
魯花樹,2026-09-24,雙子葉植物區,IMG_8814.jpg,植株,,
台灣油杉,2026-09-24,植物名人園區,IMG_8815.jpg,植株,,
盾柱木,2026-09-24,天南星科區,IMG_8829.jpg,植株,,
紫夢幻蕉,2026-09-24,台灣地名植物館,IMG_8836.jpg,植株,,
大鄧伯花,2026-09-24,多肉植物區,IMG_8857.jpg,植株,,
掌葉萼龍藤,2026-09-26,茜草科區,IMG_8909.jpg,花,,
掌葉萼龍藤,2026-09-26,茜草科區,IMG_8911.jpg,植株,,
掌葉萼龍藤,2026-09-26,茜草科區,IMG_8912.jpg,花,,
掌葉萼龍藤,2026-09-26,茜草科區,IMG_8913.jpg,葉,,
歐氏月桃,2026-09-26,薑區,IMG_9071.jpg,植株,,
綠山閉鞘薑,2026-09-26,薑區,IMG_9081.jpg,植株,,
黑孔雀薑,2026-09-26,薑區,IMG_9082.jpg,植株,,
馬氏射葉椰子,2026-09-26,薑區,IMG_9091.jpg,植株,,
土田七,2026-09-26,薑區,IMG_9092.jpg,植株,,
雞母珠,2024-01-02,十二生肖區,IMG_1155.jpg,果,,
阿拉比卡咖啡,2024-01-05,方舟溫室左前方,IMG_1192.jpg,果,,
高士佛赤楠,2024-01-05,方舟溫室後方,IMG_1223.jpg,果,,
紅花緬梔,2026-05-20,澳洲植物區,IMG_2709.jpg,花,,
合果芋,2024-03-03,天南星科區,IMG_4032.jpg,花,,
樹豆,2024-03-05,民族植物區,IMG_4148.jpg,果,,
台灣蛇莓,2024-03-05,十二生肖區,IMG_4164.jpg,果,,
柳葉馬鞭草,2024-03-16,方舟溫室後方,IMG_5026.jpg,花,,
列當,2024-03-28,荷花池邊角落野花園,IMG_6172.jpg,花,,
堅硬女婁菜,2024-03-29,竹區野花園,IMG_6275.jpg,花,,
堅硬女婁菜,2024-03-29,竹區野花園,IMG_6277.jpg,植株,,
黑星櫻,2024-04-05,雙子葉植物區,IMG_6687.jpg,花,,
斑葉豹紋竹芋,2024-04-06,薑區,IMG_6691.jpg,花,,
澳洲胡桃,2024-04-06,雙子葉植物區,IMG_6714.jpg,花,,
堅硬女婁菜,2024-04-07,竹區野花園,IMG_6917.jpg,花,,
毛苦參,2026-10-01,台灣原生植物區,IMG_9540.jpg,植株,,
田代氏黃芩,2026-10-01,台灣原生植物區,IMG_9541.jpg,植株,,
蘭嶼小鞘蕊花,2026-10-01,台灣原生植物區,IMG_9542.jpg,植株,,
阿斯普倫閉鞘薑,2026-10-01,薑區,IMG_9550.jpg,植株,,
銀葉樹,2026-10-01,薑區,IMG_9551.jpg,植株,,
呂宋月桃,2026-10-01,薑區,IMG_9556.jpg,植株,,
七爪萼龍藤,2026-10-01,水生植物區,IMG_9558.jpg,植株,,
亞馬遜百合,2026-10-01,天南星科區,IMG_9564.jpg,植株,,
小實孔雀豆,2026-10-01,雙子葉植物區,IMG_9569.jpg,植株,,
刺軸櫚,2026-10-01,雙子葉植物區,IMG_9570.jpg,植株,,
鄧氏胡頹子,2026-10-01,雙子葉植物區,IMG_9571.jpg,植株,,
石斑木,2026-10-01,雙子葉植物區,IMG_9572.jpg,植株,,
內苳子,2026-10-01,多肉植物區,IMG_9573.jpg,植株,,
台東漆,2026-10-01,雙子葉植物區,IMG_9574.jpg,植株,,
鈍葉緬梔,2026-10-01,雙子葉植物區,IMG_9575.jpg,植株,,
扇椰子,2026-10-01,雙子葉植物區,IMG_9576.jpg,植株,,
山櫻花,2026-10-01,雙子葉植物區,IMG_9577.jpg,植株,,
榔榆,2026-10-01,十二生肖區,IMG_9578.jpg,植株,,
柿葉茶茱萸,2026-10-01,雙子葉植物區,IMG_9580.jpg,植株,,
金平氏冬青,2026-10-01,雙子葉植物區,IMG_9581.jpg,植株,,
單核星蘋果,2026-10-01,雙子葉植物區,IMG_9582.jpg,植株,,
大葉山楝,2026-10-01,雙子葉植物區,IMG_9583.jpg,植株,,
象耳榕,2026-10-01,雙子葉植物區,IMG_9585.jpg,植株,,
澳洲大葉榕,2026-10-01,雙子葉植物區,IMG_9586.jpg,植株,,
孟加拉榕,2026-10-01,雙子葉植物區,IMG_9587.jpg,植株,,
菩提樹,2026-10-01,雙子葉植物區,IMG_9588.jpg,植株,,
密梭倫榕,2026-10-01,雙子葉植物區,IMG_9589.jpg,植株,,
黃土樹,2026-10-01,雙子葉植物區,IMG_9590.jpg,植株,,
台東龍眼,2026-10-01,雙子葉植物區,IMG_9591.jpg,植株,,
海南紅豆,2026-10-01,雙子葉植物區,IMG_9592.jpg,植株,,
冰淇淋豆,2026-10-01,雙子葉植物區,IMG_9593.jpg,植株,,
鷹爪花,2026-10-01,雙子葉植物區,IMG_9594.jpg,植株,,
子彈石櫟,2026-10-01,雙子葉植物區,IMG_9595.jpg,植株,,
後大埔石櫟,2026-10-01,雙子葉植物區,IMG_9596.jpg,植株,,
圓滑番荔枝,2026-10-01,雙子葉植物區,IMG_9597.jpg,植株,,
波羅密,2026-10-01,雙子葉植物區,IMG_9599.jpg,植株,,
印度鳳果,2026-10-01,雙子葉植物區,IMG_9600.jpg,植株,,
台灣石楠,2026-10-01,雙子葉植物區,IMG_9601.jpg,植株,,
黑星櫻,2026-10-01,雙子葉植物區,IMG_9602.jpg,植株,,
山刺番荔枝,2026-10-01,雙子葉植物區,IMG_9603.jpg,植株,,
火筒樹,2026-10-01,荷花池,IMG_9611.jpg,植株,,
麝香木,2026-10-01,荷花池,IMG_9612.jpg,植株,,
細葉百合竹,2026-10-01,荷花池,IMG_9613.jpg,植株,,
台灣金絲桃,2026-10-01,荷花池,IMG_9615.jpg,植株,,
朴樹,2026-10-01,多肉植物區,IMG_9616.jpg,植株,,
使君子,2026-10-01,荷花池,IMG_9617.jpg,植株,,
金銀花,2026-10-01,荷花池,IMG_9643.jpg,植株,,
水竹芋,2026-10-01,荷花池,IMG_9644.jpg,植株,,
垂花水竹芋,2026-10-01,荷花池,IMG_9645.jpg,植株,,
拔蕉,2026-10-01,荷花池,IMG_9646.jpg,植株,,
秘魯水丁香,2026-10-01,水生植物區,IMG_9651.jpg,果,,
秘魯水丁香,2026-10-01,水生植物區,IMG_9652.jpg,植株,,
紫藤,2026-10-01,方舟溫室後方,IMG_9653.jpg,植株,,
南天竹,2026-10-01,佛教植物區,IMG_9654.jpg,植株,,
白樹仔,2026-10-01,荷花池,IMG_9655.jpg,植株,,
筆柿,2026-10-01,佛教植物區,IMG_9656.jpg,植株,,
茶花,2026-10-01,荷花池,IMG_9657.jpg,植株,,
香水檸檬,2026-10-01,佛教植物區,IMG_9658.jpg,植株,,
蘭嶼山馬茶,2026-10-01,佛教植物區,IMG_9659.jpg,植株,,
肯氏蒲桃,2026-10-01,荷花池,IMG_9662.jpg,植株,,
第倫桃,2026-10-01,佛教植物區,IMG_9663.jpg,植株,,
珊瑚樹,2026-10-01,蕨類植物區,IMG_9664.jpg,植株,,
蒲桃,2026-10-01,佛教植物區,IMG_9665.jpg,花,,
呂宋莢迷,2026-10-01,佛教植物區,IMG_9666.jpg,植株,,
囊葉榕,2026-10-01,佛教植物區,IMG_9667.jpg,植株,,
翼柄第倫桃,2026-10-01,佛教植物區,IMG_9668.jpg,植株,,
寶冠木,2026-10-01,佛教植物區,IMG_9669.jpg,植株,,
棗子,2026-10-01,佛教植物區,IMG_9670.jpg,植株,,
華八仙,2026-10-01,佛教植物區,IMG_9671.jpg,植株,,
地果榕,2026-10-01,佛教植物區,IMG_9672.jpg,植株,,
桂花,2026-10-01,佛教植物區,IMG_9673.jpg,植株,,
蒲瓜樹,2026-10-01,佛教植物區,IMG_9674.jpg,植株,,
彎子木,2026-10-01,佛教植物區,IMG_9680.jpg,植株,,
雞毛松,2026-10-01,佛教植物區,IMG_9681.jpg,植株,,
琉球莢迷,2026-10-01,佛教植物區,IMG_9682.jpg,植株,,
日本花柏,2026-10-01,植物名人園區,IMG_9683.jpg,植株,,
大紅秋海棠,2026-10-01,植物名人園區,IMG_9684.jpg,植株,,
大葉山欖,2026-10-01,植物名人園區,IMG_9686.jpg,植株,,
水黃皮,2026-10-01,植物名人園區,IMG_9687.jpg,植株,,
金鳥赫蕉,2026-10-01,植物名人園區,IMG_9688.jpg,植株,,
虎尾蘭,2026-10-01,植物名人園區,IMG_9690.jpg,植株,,
蘭嶼山桂花,2026-10-01,植物名人園區,IMG_9691.jpg,植株,,
沃格爾鄧伯花,2026-10-01,台灣地名植物館,IMG_9692.jpg,植株,,
鵝掌藤,2026-10-01,植物名人園區,IMG_9693.jpg,植株,,
蘭嶼福木,2026-10-01,植物名人園區,IMG_9694.jpg,植株,,
蘭嶼胡桐,2026-10-01,植物名人園區,IMG_9695.jpg,植株,,
竹頭角木薑子,2026-10-01,植物名人園區,IMG_9696.jpg,植株,,
台灣絡石,2026-10-01,植物名人園區,IMG_9697.jpg,植株,,
夜合花,2026-10-01,佛教植物區,IMG_9698.jpg,植株,,
三蕊楠,2026-10-01,植物名人園區,IMG_9701.jpg,植株,,
福木,2026-10-01,雙子葉植物區,IMG_9702.jpg,植株,,
印度金鈕釦,2026-10-01,植物名人園區,IMG_9703.jpg,植株,,
都蘭山金石榴,2026-10-01,方舟溫室及蘭房,IMG_9704.jpg,植株,,
對面花,2026-10-01,方舟溫室及蘭房,IMG_9708.jpg,植株,,
李氏櫻桃,2026-10-01,方舟溫室及蘭房,IMG_9709.jpg,植株,,
竹子山十大功勞,2026-10-01,方舟溫室及蘭房,IMG_9710.jpg,植株,,
阿里山十大功勞,2026-10-01,方舟溫室及蘭房,IMG_9711.jpg,植株,,
麥門冬,2026-10-01,方舟溫室後方,IMG_9718.jpg,植株,,
桃金孃,2026-10-01,方舟溫室後方,IMG_9724.jpg,果,,
鵝鑾鼻蔓榕,2026-10-01,方舟溫室後方,IMG_9731.jpg,植株,,
可可樹,2026-10-01,方舟溫室後方,IMG_9732.jpg,植株,,
狗骨仔,2026-10-01,十二生肖區,IMG_9736.jpg,植株,,
巒大雀梅藤,2026-10-01,澳洲植物區,IMG_9737.jpg,植株,,
菊花木,2026-10-01,澳洲植物區,IMG_9738.jpg,植株,,
燈稱花,2026-10-01,澳洲植物區,IMG_9739.jpg,植株,,
草野氏冬青,2026-10-01,澳洲植物區,IMG_9740.jpg,植株,,
菱葉柿,2026-10-01,澳洲植物區,IMG_9741.jpg,植株,,
複羽葉欒樹,2026-10-01,澳洲植物區,IMG_9742.jpg,植株,,
樹杞,2026-10-01,澳洲植物區,IMG_9743.jpg,植株,,
軟毛柿,2026-10-01,澳洲植物區,IMG_9744.jpg,植株,,
檸檬桉,2026-10-01,澳洲植物區,IMG_9745.jpg,植株,,
山欖,2026-10-01,澳洲植物區,IMG_9746.jpg,植株,,
百部,2026-10-01,澳洲植物區,IMG_9747.jpg,植株,,
澳洲胡桃,2026-10-01,雙子葉植物區,IMG_9748.jpg,植株,,
黃金蒲桃,2026-10-01,澳洲植物區,IMG_9749.jpg,植株,,
黛粉葉,2026-10-01,澳洲植物區,IMG_9750.jpg,植株,,
紅花緬梔,2026-10-01,澳洲植物區,IMG_9751.jpg,植株,,
黃福欖,2026-10-01,澳洲植物區,IMG_9752.jpg,植株,,
蓮霧,2026-10-01,澳洲植物區,IMG_9753.jpg,植株,,
欖仁,2026-10-01,十二生肖區,IMG_9754.jpg,植株,,
穗花棋盤腳,2026-10-01,澳洲植物區,IMG_9755.jpg,植株,,
菲律賓火筒樹,2026-10-01,蕨類植物區,IMG_9758.jpg,果,,
珊瑚樹,2026-10-01,蕨類植物區,IMG_9759.jpg,植株,,
長序木通,2026-10-01,多肉植物區,IMG_9761.jpg,植株,,
直幹相思樹,2026-10-01,澳洲植物區,IMG_9762.jpg,植株,,
小葉魚藤,2026-10-03,台灣原生植物區,469907769_122125911788565172_6894034065506035793_n.jpg,果,,
藍花琉璃繁縷,2026-04-21,竹區野花園,IMG_0620.jpg,植株,,
菲律賓紫檀,2026-05-10,茜草科區,IMG_2179.jpg,果,,
蘭嶼肉豆蔻,2024-06-14,荷花池,IMG_2194.jpg,果,,
日本莢蒾,2026-05-10,方舟溫室後方,IMG_2230.jpg,果,,
對面花,2024-06-17,方舟溫室及蘭房,IMG_2442.jpg,果,,
雪佛里椰子,2025-04-03,薑區,IMG_3329.jpg,花,,
蘭嶼肉豆蔻,2024-07-07,荷花池,IMG_3346.jpg,果,,
馬來良薑,2024-07-09,薑區,IMG_3421.jpg,果,,
蘭嶼肉豆蔻,2026-05-31,荷花池,IMG_3696.jpg,果,,
山刺番荔枝,2026-06-04,雙子葉植物區,IMG_4189.jpg,果,,
紅梅消,2025-04-12,竹區野花園,IMG_4576.jpg,花,,
紅梅消,2025-04-12,竹區野花園,IMG_4577.jpg,花,,
彩色海芋,2026-02-19,方舟溫室右前方,IMG_5599.jpg,花,,
彩色海芋,2026-02-19,方舟溫室右前方,IMG_5602.jpg,植株,,
彩色海芋,2026-02-19,方舟溫室右前方,IMG_5604.jpg,花,,
刺葉黃褥花,2024-07-29,荷花池邊角落野花園,IMG_6140.jpg,果,,
交趾衛矛,2024-08-03,方舟溫室後方,IMG_6207.jpg,果,,
黃花苞舌蘭,2026-08-07,方舟溫室及蘭房,IMG_7556.jpg,花,,
交趾衛矛,2024-09-29,方舟溫室後方,IMG_8596.jpg,果,,
雪佛里椰子,2026-03-09,薑區,IMG_7162.jpg,花,,
天藍苜蓿,2024-04-21,多肉植物區,IMG_7958.jpg,果,,
麵包樹,2024-04-25,雙子葉植物區,IMG_8302.jpg,花,,
麵包樹,2024-04-25,雙子葉植物區,IMG_8303.jpg,花,,
雪佛里椰子,2026-03-24,薑區,IMG_8331.jpg,花,,
庭梅,2024-04-28,竹區野花園,IMG_8587.jpg,果,,
醴腸,2024-05-07,水生植物區,IMG_9322.jpg,果,,
火柴棒鳳梨,2024-05-08,植物名人園區,IMG_9376.jpg,花,,
